WarehouseID,ProductID,InitialStock,SafetyStock,ReorderPoint,StorageCostPerUnit
W001,P0079,3197,602,1301,0.203
W001,P0147,216,25,95,0.843
W001,P0220,639,57,312,1.053
W001,P0157,3395,498,1424,0.092
W001,P0194,221,19,54,0.155
W001,P0001,324,56,138,0.761
W001,P0252,188,26,68,0.118
W001,P0043,852,153,299,0.641
W001,P0145,513,99,240,0.839
W001,P0070,477,91,268,1.388
W001,P0076,474,55,177,0.783
W001,P0164,176,33,87,0.701
W001,P0291,156,17,74,1.09
W001,P0120,1091,183,529,0.704
W001,P0208,840,155,373,0.572
W001,P0037,71,12,28,0.896
W001,P0175,186,24,57,0.901
W001,P0103,279,31,120,0.264
W001,P0136,148,25,52,1.088
W001,P0146,1059,209,422,0.63
W001,P0038,337,32,118,1.018
W001,P0149,162,18,47,1.098
W001,P0078,897,164,440,0.457
W001,P0092,280,30,78,0.39
W001,P0306,334,30,154,1.206
W001,P0243,474,83,215,0.835
W001,P0245,185,21,73,0.131
W001,P0018,1708,262,657,0.599
W001,P0197,70,13,29,0.826
W001,P0055,132,19,51,0.829
W001,P0012,581,90,318,0.687
W001,P0036,1894,189,861,0.919
W001,P0111,730,74,346,0.549
W001,P0154,122,23,64,0.668
W001,P0302,26,4,8,0.21
W001,P0100,19,2,6,0.794
W001,P0151,60,11,25,0.258
W001,P0158,1168,160,415,0.753
W001,P0091,153,22,64,0.725
W001,P0168,1967,364,947,0.437
W001,P0066,1106,133,357,0.341
W001,P0022,604,77,189,0.656
W001,P0300,1456,183,703,0.523
W001,P0219,1077,147,545,1.364
W001,P0021,23,2,5,0.522
W001,P0299,83,6,28,1.097
W001,P0187,1950,221,890,0.485
W001,P0181,488,64,255,0.276
W001,P0110,299,57,117,0.064
W001,P0025,145,18,61,1.61
W001,P0053,795,120,343,0.489
W001,P0279,193,26,58,0.127
W001,P0295,87,15,46,0.399
W001,P0082,232,26,107,0.789
W001,P0233,803,107,340,0.337
W001,P0128,34,3,15,0.949
W001,P0131,524,93,240,0.226
W001,P0150,1395,186,460,0.743
W001,P0141,3519,510,1536,0.314
W001,P0118,3163,346,1364,0.219
W001,P0099,3215,422,999,0.38
W001,P0101,1071,198,577,0.943
W001,P0170,397,49,198,0.858
W001,P0009,1722,271,684,0.108
W001,P0189,221,20,84,0.578
W001,P0027,239,20,58,0.531
W001,P0122,1735,258,597,0.568
W001,P0077,889,105,319,0.826
W001,P0185,54,8,17,0.449
W001,P0088,1019,164,364,0.509
W001,P0035,1167,221,617,0.878
W001,P0308,173,26,56,0.183
W001,P0080,556,67,163,0.194
W001,P0052,2708,503,1256,0.382
W001,P0284,689,125,391,0.126
W001,P0063,551,51,192,0.565
W001,P0056,990,98,372,0.512
W001,P0301,986,194,409,0.356
W001,P0051,1427,173,510,0.362
W001,P0106,448,77,185,0.237
W001,P0191,43,4,19,0.264
W001,P0095,891,123,279,0.734
W001,P0316,655,103,273,1.003
W001,P0060,1135,192,531,0.418
W001,P0285,982,104,299,0.343
W001,P0172,379,48,115,0.667
W001,P0271,1017,109,350,1.003
W001,P0065,141,19,54,0.516
W001,P0005,1119,114,446,0.71
W001,P0083,876,87,378,0.952
W001,P0188,651,82,340,0.786
W001,P0238,967,95,289,1.121
W001,P0253,477,61,149,0.676
W001,P0105,1667,137,609,1.039
W001,P0123,538,79,245,0.325
W001,P0231,13,2,6,0.753
W001,P0040,221,37,87,0.308
W001,P0273,737,59,212,0.18
W001,P0008,177,34,70,0.793
W001,P0190,77,7,25,0.078
W001,P0207,963,149,428,0.894
W001,P0113,90,15,45,0.672
W001,P0129,654,96,302,0.128
W001,P0240,1204,220,614,0.982
W001,P0125,3448,304,917,0.585
W001,P0288,733,87,327,0.694
W001,P0223,315,32,141,0.989
W001,P0314,904,104,241,0.624
W002,P0121,4853,958,1887,0.815
W002,P0260,671,54,313,0.318
W002,P0101,485,88,183,0.841
W002,P0219,1825,221,530,1.538
W002,P0093,283,47,118,0.745
W002,P0220,5094,884,1655,0.454
W002,P0241,53,6,26,0.859
W002,P0060,1498,203,796,0.459
W002,P0044,224,39,102,0.172
W002,P0038,1303,117,476,0.081
W002,P0075,250,23,60,0.712
W002,P0048,2482,249,667,0.931
W002,P0109,1647,281,612,0.11
W002,P0200,374,59,154,0.116
W002,P0051,7170,1149,3336,0.467
W002,P0132,5656,836,2822,0.464
W002,P0047,396,32,170,0.27
W002,P0243,2225,316,1167,0.863
W002,P0152,8398,1182,3891,0.432
W002,P0253,1686,193,780,1.309
W002,P0222,4564,390,1233,1.152
W002,P0123,2695,497,1466,1.12
W002,P0039,1609,273,595,0.57
W002,P0182,499,48,142,0.221
W002,P0246,2789,261,1200,0.508
W002,P0161,7176,1031,3184,0.719
W002,P0103,1689,300,974,0.811
W002,P0042,2591,318,1152,0.765
W002,P0284,299,52,107,0.775
W002,P0216,436,74,217,0.411
W002,P0155,484,55,139,0.868
W002,P0094,290,35,81,0.129
W002,P0204,1207,124,540,0.666
W002,P0100,81,11,28,0.388
W002,P0073,2150,231,660,0.499
W002,P0172,1404,278,567,0.219
W002,P0001,1483,155,659,0.434
W002,P0028,7274,660,2261,0.56
W002,P0305,2503,473,1334,0.699
W002,P0112,2540,363,776,0.701
W002,P0312,336,41,143,0.105
W002,P0120,1126,121,506,0.085
W002,P0160,284,38,95,0.905
W002,P0315,329,42,141,0.163
W002,P0091,198,31,87,0.471
W002,P0061,558,47,179,0.836
W002,P0250,1151,210,636,0.751
W002,P0309,7716,1159,3257,0.617
W002,P0159,438,73,203,0.956
W002,P0067,144,24,54,0.767
W002,P0049,754,133,261,0.544
W002,P0195,8335,1565,3165,0.457
W002,P0311,1527,135,607,0.701
W002,P0007,2137,425,1025,0.465
W002,P0304,302,53,168,0.685
W002,P0221,7858,1461,2717,0.219
W002,P0231,317,26,123,0.335
W002,P0115,2398,469,993,0.571
W002,P0183,54,9,19,0.201
W002,P0212,2337,189,1113,0.456
W002,P0078,416,33,148,0.802
W002,P0252,552,46,182,0.977
W002,P0247,396,31,159,0.548
W002,P0022,2383,321,710,0.479
W002,P0268,1668,201,550,0.273
W002,P0111,1198,153,443,0.165
W002,P0288,2359,459,1007,0.481
W002,P0245,216,37,119,0.379
W002,P0308,2372,256,819,0.357
W002,P0106,478,56,195,0.081
W002,P0196,915,84,283,0.115
W002,P0297,220,18,61,0.897
W002,P0313,1051,169,521,0.836
W002,P0008,38,4,15,0.905
W002,P0295,436,36,194,0.88
W002,P0072,8102,1371,3084,0.441
W002,P0254,2379,474,1305,1.148
W002,P0054,4020,451,1848,0.093
W002,P0286,1148,206,548,0.898
W002,P0043,556,106,265,0.987
W002,P0278,648,72,304,0.323
W002,P0223,298,45,153,0.075
W002,P0233,1001,115,412,0.887
W002,P0023,985,141,385,0.719
W002,P0154,70,13,26,0.829
W002,P0202,1711,319,830,0.068
W002,P0262,7231,789,2086,0.935
W002,P0314,474,58,169,0.329
W002,P0236,103,14,45,1.482
W002,P0149,554,51,176,0.389
W002,P0162,5291,787,2196,0.841
W002,P0217,1163,113,510,0.527
W002,P0105,4861,563,2186,0.904
W002,P0014,676,54,195,1.09
W002,P0184,63,8,31,0.134
W002,P0116,2392,399,1089,0.427
W002,P0125,6571,1136,3297,0.599
W002,P0320,1014,98,291,0.94
W002,P0064,94,11,34,0.17
W002,P0190,98,17,53,0.827
W002,P0191,349,41,149,1.07
W002,P0140,7048,734,2265,0.276
W002,P0129,1034,89,346,0.87
W002,P0271,306,49,138,0.442
W002,P0034,1561,175,489,0.862
W002,P0003,2190,329,901,0.587
W002,P0244,138,27,52,0.66
W002,P0175,2725,364,1062,0.888
W002,P0133,665,69,309,0.23
W002,P0057,1970,313,1074,0.552
W002,P0270,822,121,395,0.773
W002,P0127,6521,1102,3347,0.658
W002,P0255,395,48,126,0.582
W002,P0084,182,30,62,0.422
W002,P0146,1574,169,762,0.213
W002,P0282,202,38,92,0.28
W002,P0079,2748,454,1206,0.551
W002,P0062,2542,465,1212,1.278
W002,P0104,1309,194,537,0.267
W002,P0248,139,23,58,0.066
W002,P0296,668,125,353,0.299
W002,P0211,1496,223,633,0.409
W002,P0041,3155,299,1293,0.226
W002,P0293,2330,230,931,0.119
W002,P0289,7810,1362,4051,0.684
W002,P0122,2759,501,1198,0.234
W002,P0107,1512,139,535,0.736
W002,P0099,8098,1142,2538,0.222
W002,P0177,297,34,113,0.49
W002,P0251,420,40,156,0.904
W002,P0209,1392,194,735,0.597
W002,P0020,1559,310,702,0.462
W002,P0029,227,28,102,0.136
W002,P0229,1154,115,297,1.516
W002,P0266,2717,288,1056,0.8
W002,P0035,1898,219,970,0.384
W002,P0095,1379,174,650,0.824
W002,P0230,327,35,131,1.084
W002,P0092,2301,446,869,1.097
W002,P0301,289,25,83,0.897
W002,P0169,2776,517,1363,0.832
W002,P0136,151,24,74,0.637
W002,P0199,237,28,75,0.694
W002,P0167,1762,350,749,0.638
W002,P0215,1936,170,766,1.077
W002,P0170,2693,273,829,0.66
W002,P0069,412,79,233,0.693
W002,P0165,337,62,195,0.692
W002,P0207,1617,292,603,0.654
W002,P0319,132,21,47,0.664
W002,P0089,2793,455,955,0.297
W002,P0025,555,104,271,0.639
W002,P0096,378,34,150,0.587
W002,P0156,5328,819,1724,0.365
W002,P0179,140,14,48,0.525
W002,P0030,1800,259,884,0.638
W002,P0012,4190,792,1944,0.726
W002,P0081,4939,774,1664,0.665
W002,P0119,271,33,88,0.771
W002,P0076,2750,354,869,0.841
W002,P0077,2778,555,1417,0.714
W002,P0224,1812,262,969,0.763
W002,P0137,2136,228,1067,0.531
W002,P0163,2782,393,1441,0.226
W002,P0148,148,12,67,0.082
W002,P0088,776,110,405,1.173
W002,P0193,537,93,253,1.155
W002,P0281,276,37,118,1.226
W002,P0256,5084,796,2041,0.589
W002,P0150,3087,419,1200,1.057
W002,P0144,379,65,127,0.842
W002,P0046,540,52,152,1.051
W002,P0102,8027,1363,4026,0.72
W002,P0019,542,48,161,0.769
W002,P0257,59,6,25,0.83
W002,P0249,2759,380,867,1.187
W002,P0080,2642,490,1172,1.007
W002,P0005,1832,261,677,0.223
W002,P0174,545,95,226,1.189
W002,P0188,1156,183,571,0.129
W002,P0232,2769,521,1170,0.279
W002,P0235,444,73,202,0.231
W002,P0026,206,21,88,1.068
W002,P0197,92,10,33,0.229
W002,P0017,6113,764,2951,1.266
W002,P0050,1430,121,684,0.347
W002,P0292,8377,1420,4141,0.941
W002,P0273,1568,259,768,0.44
W002,P0134,2736,237,803,0.612
W002,P0279,1975,266,960,0.762
W002,P0300,1543,131,580,0.789
W002,P0128,471,49,139,0.437
W002,P0031,1593,222,650,0.969
W002,P0033,7131,596,1674,0.592
W002,P0027,2226,205,891,0.833
W002,P0201,396,70,145,1.014
W002,P0173,2052,386,787,0.774
W002,P0090,1233,162,651,0.246
W002,P0108,546,52,154,0.794
W002,P0070,1379,250,642,1.359
W002,P0135,275,50,149,0.484
W002,P0203,488,79,153,0.82
W002,P0316,315,27,100,0.238
W002,P0164,325,61,120,0.723
W002,P0065,279,24,111,0.606
W002,P0187,6302,722,2132,0.605
W002,P0114,1537,245,708,0.433
W002,P0310,390,53,118,0.57
W002,P0013,1688,243,593,0.107
W002,P0066,1871,209,927,0.787
W002,P0178,109,18,38,0.309
W002,P0011,155,21,59,0.165
W002,P0168,5945,572,1780,0.386
W002,P0153,168,32,67,0.345
W002,P0138,588,113,225,0.827
W002,P0145,2116,189,870,0.552
W002,P0194,2112,353,916,0.818
W002,P0294,92,16,44,0.509
W002,P0261,110,15,37,0.825
W002,P0083,1560,253,854,0.909
W002,P0267,1908,339,854,0.677
W002,P0055,2646,221,863,0.679
W002,P0298,646,69,267,1.066
W002,P0277,1600,196,449,0.944
W002,P0139,2707,223,951,1.195
W002,P0032,8318,1450,2829,0.576
W002,P0040,373,37,94,0.788
W002,P0185,85,11,39,1.356
W002,P0239,1882,215,741,0.518
W002,P0238,344,65,171,0.305
W002,P0082,106,16,35,0.975
W002,P0016,317,60,185,0.946
W002,P0157,1122,100,388,0.737
W002,P0045,147,25,66,0.754
W002,P0117,2453,427,1276,0.309
W002,P0053,5929,1149,2147,0.163
W002,P0180,2012,360,751,0.942
W002,P0307,551,52,172,0.279
W002,P0009,4392,541,2083,0.995
W002,P0118,1941,345,757,0.797
W002,P0269,2189,377,868,0.235
W002,P0126,355,32,126,0.197
W002,P0131,384,54,177,1.037
W002,P0265,1641,131,778,0.943
W002,P0283,429,57,145,0.227
W002,P0024,2316,261,1014,1.346
W002,P0110,1578,162,718,0.352
W002,P0021,531,56,200,0.287
W002,P0228,1803,307,876,0.428
W002,P0302,371,65,141,1.015
W002,P0280,2875,554,1507,0.11
W002,P0264,288,44,158,0.267
W002,P0189,37,6,12,0.558
W002,P0147,124,21,66,0.704
W002,P0141,3047,324,1356,0.339
W002,P0143,551,97,233,0.801
W002,P0037,66,10,31,0.61
W002,P0290,367,30,127,0.217
W002,P0052,3741,396,1317,0.712
W002,P0225,2000,335,955,1.138
W002,P0086,2060,199,527,0.201
W002,P0227,1160,180,552,1.035
W002,P0213,702,68,177,0.35
W002,P0124,328,30,147,0.979
W002,P0059,2792,441,1177,0.401
W002,P0087,1956,202,575,0.332
W002,P0218,5162,489,1520,0.921
W002,P0299,214,28,84,0.154
W002,P0214,288,47,124,0.242
W002,P0074,343,64,129,0.125
W002,P0004,6248,1167,3172,1.145
W002,P0272,1771,353,929,1.306
W002,P0287,392,33,146,1.124
W002,P0018,2525,287,924,1.048
W002,P0226,2720,401,1435,0.485
W003,P0298,1150,131,525,0.415
W003,P0193,1883,294,599,0.354
W003,P0293,1068,130,458,0.741
W003,P0026,301,51,127,1.091
W003,P0106,587,97,199,1.049
W003,P0101,620,72,250,0.347
W003,P0127,3760,373,960,0.752
W003,P0254,586,47,227,0.67
W003,P0281,120,19,44,0.152
W003,P0181,1384,159,402,0.229
W003,P0241,171,16,60,0.787
W003,P0206,851,97,235,0.737
W003,P0080,641,115,364,0.086
W003,P0006,4527,682,1594,0.346
W003,P0054,2119,378,927,0.197
W003,P0031,1338,125,630,0.533
W003,P0027,280,34,129,0.869
W003,P0078,1227,183,450,0.098
W003,P0138,587,116,325,1.064
W003,P0042,1009,154,391,0.832
W003,P0189,154,15,48,0.796
W003,P0166,166,31,83,0.897
W003,P0065,334,56,171,0.268
W003,P0246,551,63,149,0.103
W003,P0303,3415,448,1678,0.498
W003,P0223,1112,202,409,0.721
W003,P0049,1104,135,470,0.782
W003,P0015,1636,213,567,0.078
W003,P0029,257,25,75,0.139
W003,P0157,830,133,407,0.131
W003,P0259,112,21,55,0.618
W003,P0245,78,11,40,0.769
W003,P0142,4226,397,1557,0.507
W003,P0141,4245,778,2203,0.942
W003,P0100,311,38,118,0.588
W003,P0190,84,12,40,0.206
W003,P0017,4807,451,1892,1.323
W003,P0250,1729,190,481,1.004
W003,P0177,1835,275,558,0.698
W003,P0249,1601,247,767,0.584
W003,P0175,968,164,439,0.58
W003,P0075,115,22,40,0.945
W003,P0108,86,7,21,0.803
W003,P0295,60,9,21,0.375
W003,P0152,4989,582,1573,1.235
W003,P0311,1088,161,551,0.333
W003,P0117,1279,150,441,0.946
W003,P0132,2978,466,1583,0.109
W003,P0255,235,23,95,0.113
W003,P0291,260,29,103,0.778
W003,P0158,775,146,385,0.945
W003,P0280,4258,470,1122,0.9
W003,P0114,204,28,97,0.89
W003,P0224,1937,265,906,0.58
W003,P0251,373,45,175,0.398
W003,P0014,1949,178,853,0.525
W003,P0171,1279,119,325,0.829
W003,P0207,531,83,236,0.334
W003,P0039,488,75,233,0.501
W003,P0319,297,47,150,0.708
W003,P0265,1937,160,928,0.17
W003,P0285,781,117,305,0.268
W003,P0067,224,31,120,0.343
W003,P0118,3620,619,1929,1.116
W003,P0287,209,26,77,0.615
W003,P0140,5708,1126,2648,0.706
W003,P0221,2386,193,757,1.269
W003,P0037,52,7,16,0.52
W003,P0294,236,44,120,0.825
W003,P0093,1416,164,577,0.177
W003,P0003,1312,247,731,0.094
W003,P0191,21,4,10,0.078
W003,P0282,44,6,15,0.545
W003,P0276,205,36,85,0.998
W003,P0258,1908,265,987,0.117
W003,P0252,182,36,93,0.059
W003,P0156,2296,295,806,0.612
W003,P0107,1541,148,655,1.154
W003,P0110,1661,148,808,0.895
W003,P0136,344,47,133,1.079
W003,P0072,3452,372,1245,1.129
W003,P0215,1491,144,691,0.363
W003,P0194,1143,135,379,0.789
W003,P0256,2030,353,1060,0.394
W003,P0230,112,22,54,0.958
W003,P0047,363,40,167,0.955
W003,P0299,78,10,37,0.245
W003,P0113,257,41,118,0.761
W003,P0016,1565,305,673,0.416
W003,P0219,1314,141,361,1.259
W003,P0185,32,4,15,0.617
W003,P0269,1567,261,869,0.113
W003,P0180,1133,160,337,0.064
W003,P0058,343,66,142,0.374
W003,P0048,4584,768,1694,0.258
W003,P0264,81,11,40,0.951
W003,P0095,1511,219,802,0.242
W003,P0184,63,11,23,0.785
W003,P0041,4546,739,2382,0.077
W003,P0212,267,37,125,0.239
W003,P0257,377,57,145,0.88
W003,P0242,309,25,114,0.202
W003,P0086,920,122,338,0.875
W003,P0220,3889,627,2120,0.771
W003,P0216,315,52,138,0.763
W003,P0312,171,30,95,0.335
W003,P0044,183,17,83,0.183
W003,P0024,1864,286,873,0.677
W003,P0043,378,70,170,0.856
W003,P0009,1325,136,387,0.321
W003,P0196,1598,137,471,0.218
W003,P0296,1243,108,535,0.84
W003,P0120,1295,129,373,0.227
W003,P0103,414,69,215,0.517
W003,P0244,23,2,10,0.227
W003,P0085,3665,544,1905,0.296
W003,P0159,376,60,187,0.194
W003,P0217,1713,140,730,0.493
W003,P0270,1035,161,325,0.396
W003,P0150,2626,219,981,0.23
W003,P0134,260,30,98,0.243
W003,P0279,1672,265,584,0.268
W003,P0320,1311,148,583,0.758
W003,P0034,424,62,219,1.026
W003,P0234,1488,234,537,0.117
W003,P0167,782,87,234,1.062
W003,P0151,261,21,114,0.754
W003,P0284,987,101,320,0.75
W003,P0143,340,50,159,0.347
W003,P0071,681,72,191,0.583
W003,P0081,5833,483,1754,0.429
W003,P0168,4395,790,1711,0.794
W003,P0201,56,7,27,0.463
W003,P0083,1733,319,763,0.898
W003,P0057,682,69,194,0.096
W003,P0300,4546,511,2054,0.565
W003,P0286,953,178,519,0.849
W003,P0160,120,11,44,0.135
W003,P0174,39,7,22,0.144
W003,P0005,288,44,101,0.837
W003,P0161,3589,387,1314,0.765
W003,P0210,1630,227,827,0.775
W003,P0261,46,8,24,0.638
W003,P0077,1478,243,571,0.101
W003,P0025,337,38,159,0.643
W003,P0227,1939,184,812,0.104
W003,P0125,908,84,227,0.482
W003,P0237,66,6,30,0.723
W003,P0119,123,19,67,0.064
W003,P0267,1497,284,792,0.497
W003,P0070,542,46,246,0.116
W003,P0292,2241,317,1126,0.531
W003,P0111,288,46,153,0.099
W003,P0038,914,138,360,0.779
W003,P0172,664,83,327,0.584
W003,P0051,2858,551,1278,0.481
W003,P0053,1495,234,686,0.862
W003,P0059,1970,363,783,1.122
W003,P0247,193,32,74,0.513
W003,P0209,1960,343,974,1.105
W003,P0183,106,9,32,0.742
W003,P0013,1766,191,667,1.016
W003,P0205,228,42,130,0.065
W003,P0074,272,31,106,0.624
W003,P0240,1501,129,361,0.445
W003,P0315,1599,273,851,0.62
W003,P0164,278,27,100,0.829
W003,P0288,1189,117,552,0.57
W003,P0045,366,56,157,0.521
W003,P0182,891,159,432,0.792
W003,P0314,1377,142,374,0.162
W003,P0290,195,30,91,0.302
W003,P0147,71,11,22,0.478
W003,P0263,143,25,49,0.566
W003,P0129,763,111,280,0.326
W003,P0139,1488,266,530,1.165
W003,P0192,204,16,61,0.178
W003,P0248,266,39,110,0.979
W003,P0145,1190,198,442,0.29
W003,P0149,75,14,42,0.559
W003,P0011,308,53,130,0.5
W003,P0097,380,60,170,0.125
W003,P0028,1749,239,601,0.687
W003,P0091,299,47,137,0.428
W003,P0317,65,10,30,0.355
W003,P0316,1788,343,1027,0.575
W003,P0105,4408,483,1644,0.699
W003,P0046,267,23,100,0.884
W003,P0273,464,81,193,1.321
W003,P0019,322,50,138,0.734
W003,P0307,188,29,90,0.629
W003,P0061,212,34,102,0.298
W003,P0130,242,36,73,0.873
W003,P0131,1025,160,376,0.355
W004,P0213,666,115,331,0.244
W004,P0176,559,64,287,0.347
W004,P0218,8205,1614,3426,0.839
W004,P0048,4208,814,2198,0.702
W004,P0283,360,39,171,0.931
W004,P0192,555,78,200,0.877
W004,P0288,1816,282,921,0.508
W004,P0072,8215,1229,3865,0.598
W004,P0302,216,20,60,0.391
W004,P0195,4912,509,2066,0.993
W004,P0244,58,10,22,1.027
W004,P0251,558,45,222,0.784
W004,P0088,544,44,183,0.754
W004,P0254,1936,249,602,0.277
W004,P0274,2536,459,872,1.276
W004,P0127,1241,229,675,0.49
W004,P0154,375,45,103,0.629
W004,P0112,2423,288,1062,0.965
W004,P0207,2495,441,988,0.263
W004,P0024,1201,133,445,1.021
W004,P0049,1885,374,672,0.629
W004,P0292,1699,266,929,0.139
W004,P0102,6211,606,3035,0.096
W004,P0297,333,66,189,0.162
W004,P0098,4830,928,2449,0.475
W004,P0307,358,45,145,0.902
W004,P0303,8252,949,3036,0.684
W004,P0275,2779,291,1345,1.17
W004,P0175,2480,460,892,0.482
W004,P0014,285,29,86,0.55
W004,P0046,393,72,172,0.876
W004,P0039,772,125,253,0.74
W004,P0169,1360,196,616,0.373
W004,P0165,554,78,236,0.849
W004,P0002,2527,337,775,0.446
W004,P0114,668,70,270,0.332
W004,P0298,849,74,231,0.814
W004,P0246,1357,141,345,0.836
W004,P0104,1369,266,591,0.744
W004,P0053,6428,961,3185,0.739
W004,P0124,58,8,25,0.733
W004,P0066,1580,271,846,0.874
W004,P0025,389,68,208,1.373
W004,P0076,364,47,134,1.018
W004,P0252,340,37,148,0.297
W004,P0300,4375,854,1827,0.945
W004,P0204,801,64,327,0.999
W004,P0174,452,71,179,0.902
W004,P0126,380,48,113,0.879
W004,P0191,54,7,21,0.331
W004,P0171,2567,276,1080,0.143
W004,P0158,1964,273,947,1.05
W004,P0162,2780,349,1394,0.135
W004,P0061,218,27,112,0.503
W004,P0272,293,50,96,0.142
W004,P0150,3885,324,1822,0.981
W004,P0294,482,45,235,0.722
W004,P0001,961,178,494,0.949
W004,P0109,2700,327,766,0.841
W004,P0145,351,56,114,0.516
W004,P0064,551,68,197,0.289
W004,P0137,3325,483,1017,0.687
W004,P0036,6720,920,2843,0.663
W004,P0261,511,97,257,0.234
W004,P0306,582,78,204,0.113
W004,P0143,356,64,135,0.394
W004,P0290,186,21,88,0.095
W004,P0142,5328,429,1583,1.054
W004,P0080,644,99,223,1.136
W004,P0289,3958,584,1239,0.379
W004,P0193,2454,207,791,0.147
W004,P0068,1015,99,450,0.526
W004,P0027,535,82,201,1.16
W004,P0082,123,14,61,0.52
W004,P0263,95,15,49,0.509
W004,P0096,266,46,99,0.11
W004,P0006,4224,403,1481,0.09
W004,P0026,166,20,47,1.046
W004,P0045,45,4,12,0.25
W004,P0278,1136,223,587,0.652
W004,P0106,1470,219,487,0.221
W004,P0185,90,13,48,0.873
W004,P0177,444,74,166,0.364
W004,P0012,5424,981,3134,0.175
W004,P0057,1208,139,397,0.786
W004,P0227,2381,449,843,0.3
W004,P0186,471,54,161,0.363
W004,P0081,1611,148,431,0.436
W004,P0111,345,43,131,0.46
W004,P0078,2638,271,1162,0.336
W004,P0129,406,40,146,1.05
W004,P0223,1500,137,419,0.569
W004,P0077,2119,186,610,0.63
W004,P0279,1823,320,987,0.511
W004,P0159,379,52,126,0.521
W004,P0312,490,72,170,0.805
W004,P0079,8057,1603,4178,0.234
W004,P0258,1700,162,680,1.138
W004,P0051,4754,683,2427,0.456
W004,P0121,6245,554,2733,0.358
W004,P0044,90,8,22,0.636
W004,P0161,5136,444,2288,0.242
W004,P0016,2342,289,764,0.981
W004,P0211,7189,875,2698,0.533
W004,P0313,1884,192,491,1.37
W004,P0257,490,60,215,0.776
W004,P0149,300,54,124,1.048
W004,P0239,379,62,199,0.57
W004,P0284,1365,198,521,1.055
W004,P0019,50,6,20,0.883
W004,P0060,1455,259,664,0.922
W004,P0240,7615,1039,2403,0.575
W004,P0281,357,45,112,1.109
W004,P0118,4952,940,2575,1.369
W004,P0155,68,10,21,0.15
W004,P0032,2050,337,1071,0.776
W004,P0287,370,65,128,0.616
W004,P0232,824,89,284,0.454
W004,P0013,690,119,313,0.765
W004,P0004,1539,143,633,1.15
W004,P0194,2672,484,1015,0.192
W004,P0250,2702,448,876,0.097
W004,P0093,1429,118,358,0.355
W004,P0056,1782,243,733,0.545
W004,P0023,2152,285,1042,0.568
W004,P0147,225,44,114,0.2
W004,P0201,516,79,180,1.133
W004,P0089,1608,234,802,0.723
W004,P0188,2352,467,1374,0.177
W004,P0157,7664,956,2618,0.166
W004,P0262,6918,720,2918,0.644
W004,P0021,202,37,110,0.251
W004,P0069,89,14,35,0.489
W004,P0131,2705,295,966,0.638
W004,P0317,189,28,71,0.832
W004,P0216,476,85,184,0.294
W004,P0299,282,24,108,0.543
W004,P0070,1204,128,409,0.848
W004,P0160,168,27,89,0.391
W004,P0055,748,129,252,0.508
W004,P0318,201,20,82,0.757
W004,P0301,865,105,354,1.059
W004,P0152,7426,1204,3114,0.816
W004,P0043,1352,187,686,0.75
W004,P0116,847,117,423,0.278
W004,P0309,1959,350,846,0.668
W004,P0220,7132,807,2368,0.586
W004,P0242,358,54,179,0.45
W004,P0179,355,59,139,0.963
W004,P0108,274,23,87,0.616
W004,P0268,561,75,185,0.857
W004,P0156,6159,1045,3234,0.869
W004,P0235,204,20,83,0.869
W004,P0133,1610,185,535,1.127
W004,P0119,488,89,279,0.52
W004,P0273,1338,136,619,0.768
W004,P0296,564,98,227,0.653
W004,P0087,2519,220,851,0.826
W004,P0042,756,87,218,0.262
W004,P0197,371,73,204,0.208
W004,P0206,1103,119,421,0.974
W004,P0226,567,71,171,1.306
W004,P0249,885,174,506,1.145
W004,P0047,99,17,33,0.398
W004,P0041,3722,637,1347,0.681
W004,P0037,549,75,203,0.7
W004,P0202,1189,192,491,0.527
W004,P0228,1959,281,717,0.139
W004,P0241,497,80,160,0.905
W004,P0058,93,14,45,0.831
W004,P0083,2663,459,1211,0.745
W004,P0022,1664,224,527,1.249
W004,P0144,388,33,122,0.857
W004,P0208,847,78,405,0.753
W004,P0236,65,11,32,0.378
W004,P0256,7677,867,2672,0.759
W004,P0117,1210,199,634,0.807
W004,P0011,170,27,55,0.847
W004,P0139,1008,115,417,0.224
W004,P0184,543,73,210,0.503
W004,P0062,605,96,285,0.853
W004,P0237,482,87,184,0.553
W004,P0130,557,107,323,0.721
W004,P0151,477,85,176,0.104
W004,P0187,8213,750,2932,0.659
W004,P0141,4388,839,2309,0.311
W004,P0231,140,13,43,0.73
W004,P0271,1111,139,336,0.728
W004,P0090,2233,387,780,0.598
W004,P0260,996,138,360,1.066
W004,P0234,7580,1135,3104,1.1
W004,P0063,757,97,349,0.07
W004,P0308,994,127,331,0.773
W004,P0182,2588,222,1064,0.702
W004,P0034,1465,275,575,0.755
W004,P0115,2383,224,717,0.564
W004,P0222,2719,332,1221,0.667
W004,P0033,2604,431,860,0.353
W004,P0035,1057,128,398,1.003
W004,P0280,5377,687,1891,0.871
W004,P0017,1887,246,914,0.944
W004,P0172,2230,311,1052,0.705
W004,P0092,1187,121,383,0.716
W004,P0134,702,78,222,0.556
W004,P0269,1568,291,607,0.294
W004,P0113,463,49,183,0.271
W004,P0029,136,13,50,0.303
W004,P0320,1084,203,542,0.097
W004,P0168,5688,649,2433,0.459
W004,P0054,4945,471,2315,1.384
W004,P0094,272,27,118,0.729
W004,P0028,3068,282,1276,0.303
W004,P0183,335,63,187,0.232
W004,P0105,8094,648,3880,0.103
W004,P0293,301,27,137,0.667
W004,P0203,211,33,101,0.545
W004,P0214,227,28,62,0.661
W004,P0052,8299,1233,3970,0.565
W004,P0123,1793,228,721,0.08
W004,P0238,1134,119,523,0.437
W004,P0267,336,42,94,0.762
W004,P0100,373,38,149,0.173
W004,P0221,7643,1415,3799,0.732
W004,P0010,1500,235,790,0.396
W004,P0107,2095,330,867,0.147
W004,P0065,234,33,124,0.475
W004,P0050,2486,473,1097,0.177
W004,P0030,2784,502,1188,0.328
W004,P0003,1235,167,571,0.96
W004,P0229,1043,89,443,0.149
W004,P0255,63,7,21,0.624
W004,P0086,760,120,387,0.805
W004,P0132,7466,1037,3151,0.268
W004,P0031,1081,129,538,0.486
W004,P0099,5648,782,2714,0.096
W004,P0164,36,5,17,0.704
W004,P0198,407,37,160,0.177
W004,P0074,518,42,185,0.512
W004,P0233,1821,241,770,1.151
W004,P0138,1148,114,416,0.95
W004,P0110,1210,200,408,0.638
W004,P0020,1728,305,822,0.102
W004,P0219,1100,91,257,1.492
W004,P0319,69,13,26,0.967
W004,P0166,205,34,115,0.162
W004,P0295,269,43,138,0.296
W004,P0282,436,38,122,0.996
W004,P0270,1529,257,837,0.97
W004,P0140,2516,414,1083,0.754
W004,P0128,136,24,55,0.181
W004,P0009,6306,1213,3375,0.718
W004,P0071,2325,281,658,0.378
W004,P0067,164,21,54,0.283
W004,P0190,321,36,162,0.888
W004,P0253,2098,167,591,0.64
W004,P0146,2595,362,1317,0.147
W004,P0189,92,7,22,0.256
W004,P0264,500,54,222,0.072
W004,P0276,249,48,137,0.327
W004,P0135,159,12,43,0.605
W004,P0196,2467,343,810,0.814
W004,P0247,389,72,192,0.953
W004,P0310,128,15,43,0.691
W004,P0266,1481,138,684,0.597
W004,P0286,1627,306,890,0.139
W004,P0085,4481,440,1122,0.343
W004,P0248,535,84,288,0.196
W004,P0008,185,28,77,0.59
W004,P0210,888,165,390,0.84
W004,P0040,60,8,29,0.956
W004,P0277,423,72,196,0.452
W004,P0084,61,10,27,1.006
W004,P0311,320,32,82,1.164
W004,P0200,232,38,104,1.091
W004,P0259,167,32,82,0.267
W004,P0314,2265,421,1298,0.22
W004,P0209,681,134,380,0.407
W004,P0167,418,64,230,1.156
W004,P0015,4267,354,1626,0.53
W004,P0097,298,29,142,1.106
W004,P0316,2492,471,985,0.847
W005,P0114,1641,142,751,0.934
W005,P0097,305,40,128,0.619
W005,P0316,1234,246,490,0.912
W005,P0008,307,26,117,0.251
W005,P0248,158,14,44,0.345
W005,P0032,1998,252,898,0.25
W005,P0040,186,22,89,0.711
W005,P0094,165,23,84,0.123
W005,P0259,27,4,10,0.887
W005,P0012,2946,436,1250,0.517
W005,P0256,1070,199,617,0.787
W005,P0055,1949,340,849,0.72
W005,P0084,291,40,87,0.508
W005,P0036,3505,550,1879,0.715
W005,P0308,1849,358,895,0.473
W005,P0267,1857,156,520,0.357
W005,P0126,273,54,104,0.484
W005,P0255,340,35,145,0.389
W005,P0167,689,107,307,1.248
W005,P0273,545,64,175,0.72
W005,P0064,275,33,85,0.6
W005,P0086,1510,301,860,0.81
W005,P0182,552,57,216,0.738
W005,P0059,886,104,441,1.093
W005,P0311,205,27,62,0.233
W005,P0152,3591,712,1326,0.58
W005,P0202,1267,213,648,0.665
W005,P0023,598,54,177,0.549
W005,P0266,862,124,412,0.09
W005,P0219,583,72,241,0.658
W005,P0131,701,117,231,0.2
W005,P0013,276,32,86,0.957
W005,P0191,375,50,193,0.07
W005,P0104,5831,1007,2694,0.074
W005,P0301,1593,198,537,0.894
W005,P0068,377,65,123,1.097
W005,P0186,388,70,202,0.632
W005,P0213,393,53,176,0.416
W005,P0159,242,42,116,1.035
W005,P0247,189,23,94,0.578
W005,P0220,4291,655,2225,0.724
W005,P0031,1165,99,456,0.383
W005,P0265,444,43,195,0.145
W005,P0295,297,51,166,0.727
W005,P0065,196,19,71,0.966
W005,P0297,383,49,147,0.567
W005,P0315,618,112,281,0.894
W005,P0166,163,20,45,0.543
W005,P0043,1012,194,516,0.409
W005,P0190,351,38,108,0.893
W005,P0153,304,29,115,0.64
W005,P0274,307,32,141,0.431
W005,P0132,2593,510,1383,0.097
W005,P0092,358,70,171,0.73
W005,P0206,237,42,130,1.159
W005,P0134,1538,235,619,0.731
W005,P0313,464,90,260,0.281
W005,P0183,155,21,59,0.17
W005,P0151,55,9,17,0.304
W005,P0260,1228,158,594,0.074
W005,P0258,690,130,318,0.317
W005,P0302,326,49,177,0.129
W005,P0076,584,101,211,0.182
W005,P0039,1810,299,922,0.375
W005,P0024,1826,195,513,0.235
W005,P0291,97,13,37,0.571
W005,P0314,555,80,168,0.567
W005,P0016,370,45,137,0.898
W005,P0070,230,38,126,1.394
W005,P0046,141,25,77,0.817
W005,P0218,1060,123,289,0.468
W005,P0038,394,52,179,0.182
W005,P0320,677,67,246,0.559
W005,P0203,46,5,22,1.095
W005,P0231,367,67,201,0.309
W005,P0177,1258,209,407,0.647
W005,P0209,287,23,95,0.993
W005,P0233,686,87,226,0.376
W005,P0136,163,29,60,0.58
W005,P0176,213,18,92,0.431
W005,P0221,5741,856,2225,1.128
W005,P0184,24,2,9,0.647
W005,P0079,1740,307,821,0.61
W005,P0140,1341,218,498,0.086
W005,P0028,1184,124,518,0.76
W005,P0005,1798,230,836,0.188
W005,P0309,3310,341,1172,0.188
W005,P0261,189,28,101,0.558
W005,P0135,199,33,81,0.755
W005,P0195,5748,729,2535,1.279
W005,P0027,263,32,96,0.897
W005,P0146,573,58,274,0.145
W005,P0108,353,62,133,0.783
W005,P0288,1718,163,461,0.894
W005,P0077,327,29,98,0.955
W005,P0268,847,79,366,1.185
W005,P0240,2486,349,884,0.805
W005,P0156,3889,750,2293,0.786
W005,P0243,1707,251,790,0.988
W005,P0270,1698,222,720,0.358
W005,P0083,962,136,447,0.758
W005,P0251,50,7,22,0.209
W005,P0063,912,114,315,0.245
W005,P0141,839,95,263,0.557
W005,P0205,352,58,117,0.909
W005,P0096,289,36,142,0.553
W005,P0162,1092,153,439,0.393
W005,P0089,1350,141,404,0.629
W005,P0158,1478,164,411,1.098
W005,P0210,664,75,190,0.997
W005,P0160,236,45,101,0.222
W005,P0249,1626,166,542,1.015
W005,P0201,86,9,28,1.004
W005,P0276,183,17,73,0.29
W005,P0168,3146,252,744,0.206
W005,P0017,1564,274,703,0.603
W005,P0173,809,124,267,0.638
W005,P0312,271,46,146,0.606
W005,P0099,4750,506,1692,0.516
W005,P0303,2075,371,767,0.823
W005,P0246,1578,206,646,1.03
W005,P0165,370,44,125,1.049
W005,P0215,482,83,225,0.263
W005,P0180,1239,229,609,0.933
W005,P0037,173,30,84,0.461
W005,P0069,214,26,98,0.322
W005,P0045,90,11,24,0.639
W005,P0214,217,32,76,1.015
W005,P0107,1619,224,671,0.546
W005,P0116,405,46,125,0.407
W005,P0074,365,71,214,0.906
W005,P0042,1713,171,684,0.808
W005,P0204,458,77,216,0.927
W005,P0056,313,32,88,0.629
W005,P0105,4409,591,1974,1.101
W005,P0189,130,16,63,0.214
W005,P0133,662,101,226,0.843
W005,P0254,288,56,127,0.376
W005,P0305,1313,122,372,0.474
W005,P0025,26,4,12,0.958
W005,P0110,575,107,285,0.285
W005,P0101,1665,161,698,0.705
W005,P0049,965,149,435,0.972
W005,P0250,1776,317,661,0.504
W005,P0091,212,17,67,0.469
W005,P0095,1184,121,398,0.738
W005,P0242,270,49,123,0.982
W005,P0307,78,13,31,0.775
W005,P0207,435,66,237,0.819
W005,P0071,1767,205,758,0.267
W005,P0178,144,22,77,0.672
W005,P0137,1744,216,775,0.64
W005,P0200,373,46,144,0.074
W005,P0003,1180,172,520,0.549
W005,P0193,838,147,326,0.874
W005,P0197,346,50,157,0.668
W005,P0060,1516,205,772,0.144
W005,P0245,167,18,67,1.098
W005,P0067,286,55,162,0.071
W005,P0319,83,12,29,0.985
W005,P0299,89,12,38,0.758
W005,P0304,236,26,65,0.576
W005,P0011,42,4,15,0.571
W005,P0144,399,62,199,0.421
W005,P0172,1563,290,896,0.608
W005,P0007,411,61,135,1.287
W005,P0051,4311,729,1413,0.381
W005,P0073,1519,150,622,0.854
W005,P0128,359,36,154,0.529
W005,P0129,1338,207,491,0.275
W005,P0264,395,76,225,0.43
W005,P0235,54,6,16,0.759
W005,P0257,202,27,91,0.959
W005,P0263,191,33,90,0.471
W005,P0244,377,73,201,0.765
W005,P0106,1331,157,622,0.991
W005,P0212,979,141,339,0.162
W005,P0155,273,28,115,0.16
W005,P0098,3580,589,1935,0.835
W005,P0179,253,41,101,0.696
W005,P0169,1841,310,985,1.064
W005,P0157,2904,362,1226,0.149
W005,P0113,383,73,154,0.489
W005,P0283,113,20,51,0.349
W005,P0196,1788,246,813,0.763
W005,P0001,672,85,288,0.27
W005,P0119,195,27,100,0.755
W005,P0164,176,34,81,0.522
W005,P0300,1244,206,698,0.57
W005,P0002,615,76,316,0.32
W005,P0010,1824,350,679,0.569
W005,P0033,838,79,356,0.316
W005,P0208,1591,178,710,0.789
W005,P0170,598,68,269,0.253
W005,P0272,340,50,123,0.524
W005,P0148,49,6,19,1.091
W005,P0278,1861,273,916,0.141
W006,P0041,6970,822,2176,0.543
W006,P0085,3046,391,1038,0.698
W006,P0227,2177,330,858,0.487
W006,P0190,328,45,108,0.397
W006,P0047,61,9,32,0.151
W006,P0121,5574,747,2662,0.139
W006,P0013,2672,373,1066,0.489
W006,P0083,2790,415,1087,0.794
W006,P0001,1938,255,796,0.761
W006,P0220,3143,412,1246,1.089
W006,P0084,487,86,280,1.067
W006,P0282,98,19,51,0.085
W006,P0168,3003,346,1504,0.503
W006,P0010,1736,196,697,0.519
W006,P0249,732,144,326,1.03
W006,P0209,928,122,308,0.09
W006,P0076,1333,123,326,0.069
W006,P0141,3917,399,1449,0.15
W006,P0207,1685,248,648,0.633
W006,P0241,55,7,17,0.188
W006,P0127,5988,687,1706,0.247
W006,P0187,4075,648,1268,0.707
W006,P0054,7983,879,3379,0.72
W006,P0114,1739,151,678,0.846
W006,P0020,2743,290,1149,0.103
W006,P0228,555,44,243,0.67
W006,P0304,245,33,101,1.001
W006,P0118,1237,185,371,0.634
W006,P0146,375,57,189,1.011
W006,P0292,1906,219,863,0.637
W006,P0205,330,57,140,0.413
W006,P0120,2390,433,858,0.483
W006,P0033,2767,400,1482,0.433
W006,P0293,399,41,162,0.292
W006,P0071,2637,458,1335,1.076
W006,P0006,2489,362,745,0.07
W006,P0303,3853,683,1616,0.281
W006,P0259,414,55,205,0.33
W006,P0318,199,32,72,0.79
W006,P0269,1912,254,872,0.626
W006,P0313,1198,104,469,1.023
W006,P0244,181,26,76,1.019
W006,P0254,303,55,175,1.186
W006,P0019,489,81,196,0.966
W006,P0002,1563,151,471,0.97
W006,P0281,280,31,107,0.477
W006,P0091,540,66,280,0.082
W006,P0035,1879,234,958,0.215
W006,P0196,803,151,372,0.241
W006,P0048,5851,1045,3382,0.855
W006,P0287,46,7,22,0.743
W006,P0130,509,62,189,0.579
W006,P0109,501,52,145,0.422
W006,P0276,416,62,174,0.171
W006,P0253,722,82,257,0.553
W006,P0096,436,39,153,0.923
W006,P0178,394,36,139,1.09
W006,P0198,390,64,214,1.13
W006,P0150,3959,708,1391,0.481
W006,P0021,370,44,191,0.736
W006,P0289,7197,688,2874,0.705
W006,P0015,3249,634,1700,0.208
W006,P0274,311,54,115,0.789
W006,P0307,411,53,166,0.179
W006,P0264,449,80,196,0.415
W006,P0160,326,58,152,0.671
W006,P0283,274,23,113,0.294
W006,P0064,484,41,128,0.942
W006,P0144,437,42,144,0.878
W006,P0123,2175,363,905,0.987
W006,P0009,5075,791,2438,0.567
W006,P0155,331,40,96,0.802
W006,P0177,1912,241,708,1.015
W006,P0250,2048,391,1177,0.31
W006,P0176,193,29,103,0.316
W006,P0247,514,99,195,0.576
W006,P0221,4201,427,1456,0.219
W006,P0012,3835,538,1290,1.02
W006,P0147,514,54,237,0.503
W006,P0027,2057,320,1128,0.319
W006,P0003,1882,286,606,0.662
W006,P0200,437,65,156,0.114
W006,P0077,1947,376,879,0.562
W006,P0232,2552,302,1319,0.497
W006,P0185,372,50,186,0.268
W006,P0230,364,48,164,0.51
W006,P0145,2218,336,1068,0.633
W006,P0057,1035,176,528,0.86
W006,P0270,957,133,313,0.535
W006,P0297,351,58,132,0.662
W006,P0219,1226,152,498,0.666
W006,P0163,2591,332,1167,0.873
W006,P0311,2409,213,1172,0.553
W006,P0217,1999,322,661,0.321
W006,P0112,788,71,249,0.276
W006,P0275,2603,449,1138,1.153
W006,P0239,2686,456,1463,0.886
W006,P0246,1384,167,553,0.277
W006,P0129,2370,461,1288,1.073
W006,P0135,29,2,7,0.91
W006,P0165,278,25,125,0.364
W006,P0007,1102,175,560,0.469
W006,P0025,339,57,175,0.841
W006,P0278,561,104,286,0.316
W006,P0087,2168,287,665,0.706
W006,P0094,250,39,93,0.858
W006,P0215,1106,140,486,1.024
W006,P0162,5477,844,2054,0.692
W006,P0049,781,147,264,0.149
W006,P0067,221,25,94,1.126
W006,P0052,6420,1036,3302,0.65
W006,P0137,7654,984,3849,0.523
W006,P0008,183,35,79,1.054
W006,P0086,338,36,111,0.912
W006,P0042,1323,144,566,0.355
W006,P0026,235,42,92,1.081
W006,P0056,761,142,405,0.792
W006,P0060,802,131,384,1.04
W006,P0097,117,15,32,0.785
W006,P0016,1673,321,658,0.547
W006,P0125,5454,790,2127,0.158
W006,P0296,1679,187,458,0.553
W006,P0116,704,56,302,0.855
W006,P0231,428,60,206,0.7
W006,P0315,2486,204,1101,0.1
W006,P0158,1266,208,486,0.245
W006,P0173,2780,377,1064,0.923
W006,P0210,2361,339,810,0.332
W006,P0188,1353,207,639,0.988
W006,P0045,501,71,182,0.67
W006,P0068,453,58,148,0.186
W006,P0159,397,49,159,0.385
W006,P0189,324,39,144,0.229
W006,P0072,1541,307,668,1.052
W006,P0005,789,122,288,0.128
W006,P0248,355,42,95,0.739
W006,P0213,625,90,255,0.639
W006,P0291,372,40,110,0.132
W006,P0263,92,17,43,0.238
W006,P0273,1841,345,926,1.083
W006,P0134,2181,371,770,0.812
W006,P0180,1258,232,636,0.693
W006,P0039,310,32,102,0.06
W006,P0224,1735,277,670,0.997
W006,P0203,52,9,17,1.203
W006,P0222,4682,722,1492,0.114
W006,P0080,443,65,193,0.18
W006,P0261,313,31,116,0.258
W006,P0092,1218,154,394,1.034
W006,P0113,411,46,153,0.75
W006,P0268,1902,273,896,0.652
W006,P0148,146,16,41,0.702
W006,P0104,7514,652,2662,0.775
W006,P0208,1249,116,424,0.884
W006,P0031,1745,269,779,0.095
W006,P0285,1275,187,491,0.561
W006,P0018,5510,540,2415,1.083
W006,P0153,378,64,140,0.444
W006,P0223,1243,121,558,0.792
W006,P0073,1622,242,685,0.548
W006,P0138,1030,130,308,1.247
W006,P0240,7826,776,1985,0.883
W006,P0164,340,49,129,0.833
W006,P0195,4494,449,1363,1.089
W006,P0298,2436,258,969,0.827
W006,P0288,419,79,225,1.096
W006,P0095,2346,251,607,0.443
W006,P0088,470,68,234,1.016
W006,P0290,537,101,245,0.597
W006,P0236,328,62,155,0.827
W006,P0070,2372,281,709,1.461
W006,P0011,438,52,176,0.946
W006,P0055,1681,204,691,0.203
W006,P0202,1304,241,487,0.895
W006,P0218,3607,664,1788,0.399
W006,P0098,1830,276,989,0.475
W006,P0058,424,58,212,1.083
W006,P0193,2239,328,880,0.255
W006,P0149,64,6,29,0.498
W006,P0078,1767,185,565,0.248
W006,P0256,8108,890,3255,0.1
W006,P0320,2759,401,860,0.351
W006,P0014,814,124,325,0.697
W006,P0214,430,61,139,0.983
W006,P0175,1244,186,616,0.706
W006,P0038,2592,294,1299,0.647
W006,P0036,6714,1104,2791,0.698
W006,P0237,442,82,226,0.759
W006,P0302,532,52,195,0.639
W006,P0110,2477,345,1010,0.907
W006,P0191,418,34,188,0.288
W006,P0017,1274,167,621,0.384
W006,P0251,447,57,219,0.691
W006,P0161,2370,321,1198,0.431
W006,P0152,4265,801,2175,0.954
W006,P0062,1679,152,404,0.592
W006,P0079,2193,244,857,0.755
W006,P0126,260,31,98,0.456
W006,P0061,316,48,130,0.787
W006,P0119,389,65,157,0.65
W006,P0245,225,25,113,0.903
W006,P0319,33,5,15,0.817
W006,P0186,91,13,45,0.265
W006,P0181,617,76,265,0.487
W006,P0199,434,82,221,0.576
W006,P0040,164,31,60,0.421
W006,P0306,857,72,379,1.052
W006,P0030,651,75,326,1.005
W006,P0107,1275,107,352,0.679
W006,P0059,2679,300,1293,0.488
W006,P0024,1212,126,460,1.095
W006,P0100,472,63,175,0.636
W006,P0286,2062,272,1010,0.912
W006,P0051,1937,309,968,0.562
W006,P0260,2522,319,778,0.724
W006,P0089,2453,490,1001,0.468
W006,P0243,357,48,135,0.188
W006,P0258,486,90,227,1.166
W006,P0216,65,8,33,0.688
W006,P0316,1236,189,398,0.789
W006,P0204,1559,300,920,0.879
W006,P0156,2837,393,1495,0.461
W006,P0280,2923,331,1204,0.649
W006,P0142,3691,706,1418,0.612
W006,P0124,485,88,230,0.326
W006,P0211,3787,462,1176,0.558
W006,P0206,1919,334,941,0.709
W006,P0233,1894,242,832,0.217
W006,P0267,1139,120,420,0.079
W006,P0308,1664,134,707,0.178
W006,P0279,1071,108,448,0.074
W006,P0197,164,18,51,0.524
W006,P0179,328,49,142,1.188
W006,P0312,446,40,113,0.871
W006,P0314,797,150,375,0.11
W006,P0090,1341,215,697,0.939
W006,P0294,391,77,162,0.071
W006,P0139,390,50,176,1.076
W006,P0166,354,38,169,0.186
W006,P0065,121,19,49,0.983
W006,P0174,549,44,141,1.123
W006,P0225,2657,268,949,0.725
W006,P0262,1710,321,886,0.202
W006,P0252,453,66,228,0.473
W006,P0284,1386,194,505,0.534
W006,P0034,2295,234,979,0.77
W006,P0151,50,8,21,0.416
W006,P0103,2294,205,1096,0.652
W006,P0063,2323,225,996,0.238
W006,P0295,114,21,65,1.257
W006,P0255,479,75,193,0.899
W006,P0235,285,35,82,0.136
W006,P0132,5552,684,1546,0.432
W006,P0046,291,56,113,0.791
W006,P0257,428,50,211,0.75
W006,P0226,667,122,326,0.752
W006,P0192,289,52,120,1.307
W006,P0069,242,40,119,0.555
W006,P0201,255,34,80,0.97
W006,P0093,1791,216,808,0.481
W006,P0102,2247,304,747,0.382
W006,P0136,73,10,22,0.279
W006,P0053,3940,764,2122,0.71
W006,P0133,2188,302,721,0.654
W006,P0106,312,58,122,0.727
W006,P0242,264,25,98,0.377
W006,P0234,1661,243,888,0.892
W006,P0101,1897,276,590,0.752
W007,P0136,13,2,5,0.287
W007,P0175,1065,94,479,0.276
W007,P0097,140,14,43,0.998
W007,P0271,383,72,212,0.638
W007,P0056,965,100,371,0.38
W007,P0239,1010,189,587,0.146
W007,P0299,77,14,39,0.232
W007,P0013,1048,161,408,1.036
W007,P0017,1583,205,510,1.338
W007,P0101,849,120,352,0.288
W007,P0035,514,102,250,0.865
W007,P0165,227,31,101,0.562
W007,P0152,3349,353,1026,0.805
W007,P0260,708,103,354,0.557
W007,P0127,1826,346,771,0.17
W007,P0062,1071,190,398,0.241
W007,P0050,181,15,45,0.783
W007,P0267,1161,216,438,0.755
W007,P0247,114,20,37,0.341
W007,P0031,626,95,303,0.412
W007,P0030,565,46,256,1.214
W007,P0134,1140,176,510,0.235
W007,P0069,228,24,65,0.984
W007,P0116,1018,172,390,0.755
W007,P0169,1147,204,565,0.631
W007,P0276,26,3,10,0.457
W007,P0118,1733,334,936,0.335
W007,P0320,1018,166,503,0.144
W007,P0164,216,33,75,0.406
W007,P0300,3274,475,1427,0.224
W007,P0018,2445,460,1201,0.471
W007,P0157,2256,326,1116,0.306
W007,P0205,88,16,31,0.347
W007,P0319,161,22,83,1.164
W007,P0090,819,108,283,0.666
W007,P0289,1600,262,755,0.614
W007,P0107,299,47,139,0.786
W007,P0033,915,143,409,0.434
W007,P0148,220,42,82,0.765
W007,P0313,303,53,114,1.311
W007,P0098,1278,203,633,0.66
W007,P0234,3074,388,1582,0.607
W007,P0316,450,44,180,0.886
W007,P0002,656,123,374,0.534
W007,P0106,447,41,176,0.759
W007,P0036,2266,263,607,0.69
W007,P0203,95,15,38,0.69
W007,P0084,41,6,12,0.209
W007,P0237,193,23,67,0.771
W007,P0311,1165,229,557,0.324
W007,P0208,513,65,161,0.851
W007,P0270,1021,181,419,0.985
W007,P0105,1125,116,513,0.728
W007,P0086,703,76,244,0.453
W007,P0088,1137,105,512,0.225
W007,P0255,188,30,79,1.005
W007,P0173,633,100,202,0.931
W007,P0016,641,108,246,0.342
W007,P0058,64,5,25,0.696
W007,P0099,700,61,308,0.225
W007,P0213,824,126,389,0.495
W007,P0214,134,21,65,0.181
W007,P0272,231,30,111,0.999
W007,P0023,794,99,346,0.16
W007,P0264,223,28,86,0.578
W007,P0284,1004,142,446,0.887
W007,P0174,92,8,27,0.329
W007,P0073,1030,170,332,0.861
W007,P0221,3246,272,1122,1.227
W007,P0153,130,12,43,0.364
W007,P0238,930,102,339,0.47
W007,P0280,2884,386,1142,0.817
W007,P0138,322,39,161,1.26
W007,P0162,3548,471,1255,0.951
W007,P0123,356,35,176,0.805
W007,P0199,153,20,60,0.488
W007,P0292,2163,354,690,0.346
W007,P0228,771,145,350,0.437
W007,P0194,310,47,166,0.272
W007,P0060,1060,170,452,0.232
W007,P0243,987,105,337,0.105
W007,P0261,70,12,28,0.659
W007,P0219,744,83,247,0.969
W007,P0159,200,28,96,0.308
W007,P0182,199,36,74,0.447
W007,P0246,171,24,92,0.228
W007,P0258,363,37,104,1.594
W007,P0224,978,94,419,1.025
W007,P0027,748,142,419,0.171
W007,P0150,1556,244,572,0.101
W007,P0020,1158,107,355,0.753
W007,P0195,2926,506,1392,0.674
W007,P0024,262,28,109,0.76
W007,P0074,21,4,10,0.298
W007,P0078,204,19,99,0.894
W007,P0048,1694,248,620,0.865
W007,P0015,3168,419,1141,0.526
W007,P0029,76,8,20,0.4
W007,P0065,21,3,6,0.104
W007,P0087,566,101,245,0.798
W007,P0003,599,53,248,0.634
W007,P0064,34,5,14,0.572
W007,P0226,1012,132,391,0.392
W007,P0295,224,32,97,0.366
W007,P0068,176,22,54,0.396
W007,P0253,1082,113,501,0.179
W007,P0235,178,25,66,0.468
W008,P0105,4918,566,1899,0.835
W008,P0272,1104,171,439,0.203
W008,P0294,84,8,41,0.776
W008,P0308,1649,207,773,0.875
W008,P0313,514,92,186,1.521
W008,P0199,366,31,161,0.548
W008,P0120,1591,304,751,0.284
W008,P0085,3320,559,1077,0.529
W008,P0104,1946,274,1013,0.518
W008,P0200,106,9,28,0.777
W008,P0034,1484,222,679,0.398
W008,P0160,299,33,128,0.532
W008,P0306,557,47,258,0.706
W008,P0058,338,38,119,0.708
W008,P0054,1730,203,662,1.406
W008,P0076,1076,106,439,1.099
W008,P0140,3179,614,1578,0.239
W008,P0107,1289,182,490,1.043
W008,P0300,3416,610,1186,0.492
W008,P0269,276,23,86,0.611
W008,P0302,306,34,111,0.171
W008,P0271,693,120,226,0.328
W008,P0141,1596,235,784,0.448
W008,P0065,349,65,143,0.238
W008,P0010,1177,177,522,0.127
W008,P0145,412,44,136,0.077
W008,P0258,236,36,128,1.124
W008,P0035,1197,175,460,0.592
W008,P0179,354,48,155,0.264
W008,P0280,4006,402,1057,0.259
W008,P0069,248,39,91,0.574
W008,P0082,30,3,10,0.299
W008,P0248,194,33,77,0.809
W008,P0187,3742,353,1752,0.348
W008,P0262,1556,211,630,0.904
W008,P0015,3900,455,1462,1.018
W008,P0021,126,22,60,0.126
W008,P0296,1761,350,683,0.385
W008,P0281,214,18,72,0.775
W008,P0028,3219,581,1458,0.516
W008,P0237,175,20,46,0.985
W008,P0184,268,48,107,1.286
W008,P0278,375,65,174,0.87
W008,P0309,5471,841,2138,0.147
W008,P0260,1619,151,462,0.161
W008,P0090,240,20,61,0.473
W008,P0047,363,38,92,0.809
W008,P0115,449,70,175,0.412
W008,P0170,1453,274,600,0.322
W008,P0303,4905,874,2571,0.153
W008,P0157,3044,272,808,0.094
W008,P0301,1392,157,565,0.956
W008,P0005,1379,275,619,0.87
W008,P0066,1440,159,444,0.914
W008,P0019,335,60,147,0.876
W008,P0122,1227,98,495,0.779
W008,P0161,3453,683,1263,0.202
W008,P0098,962,162,408,0.453
W008,P0210,1179,157,609,0.177
W008,P0193,933,102,352,0.293
W008,P0315,851,110,385,0.307
W008,P0240,3750,359,1579,0.686
W008,P0126,160,29,56,0.069
W008,P0238,1448,191,696,0.831
W008,P0207,1645,169,537,0.444
W008,P0211,5826,1046,2518,0.716
W008,P0057,1233,185,387,0.985
W008,P0288,1297,217,731,0.158
W008,P0234,3952,680,2003,1.061
W008,P0213,1860,283,986,0.882
W008,P0125,817,89,338,0.369
W008,P0196,600,96,233,0.448
W008,P0016,1319,121,506,0.971
W008,P0142,3784,415,1225,0.366
W008,P0088,1407,183,694,1.009
W008,P0061,370,57,143,0.157
W008,P0131,1359,240,688,0.251
W008,P0178,122,13,50,0.186
W008,P0139,1179,132,452,0.604
W008,P0109,1640,153,626,0.554
W008,P0290,395,34,134,1.068
W008,P0201,85,8,24,0.747
W008,P0297,373,50,107,0.579
W008,P0192,115,18,53,1.25
W008,P0086,1565,288,683,0.794
W008,P0044,365,61,176,0.142
W008,P0060,1265,183,667,0.927
W008,P0014,719,65,224,1.084
W008,P0130,112,22,56,0.432
W008,P0242,170,20,74,0.901
W008,P0243,757,121,337,0.612
W008,P0212,1669,182,835,0.908
W008,P0165,111,12,40,0.86
W008,P0311,1125,132,429,0.527
W008,P0037,279,36,146,0.262
W008,P0174,362,44,132,0.572
W008,P0143,240,29,73,1.0
W008,P0287,43,6,18,0.371
W008,P0072,2394,478,1170,0.49
W008,P0040,291,26,116,0.995
W008,P0067,272,21,79,0.63
W008,P0152,2206,284,950,0.195
W008,P0264,260,40,143,0.912
W008,P0153,250,39,109,0.362
W008,P0286,1600,131,717,0.972
W008,P0175,538,61,219,0.895
W008,P0183,63,9,31,0.081
W008,P0249,724,81,359,0.272
W008,P0094,184,30,96,0.176
W008,P0011,228,32,121,0.752
W008,P0299,273,43,139,1.02
W008,P0045,223,19,59,1.029
W008,P0089,1592,228,492,1.204
W008,P0113,115,9,35,1.096
W008,P0111,397,33,105,0.932
W008,P0017,5299,715,2710,0.351
W008,P0031,1333,230,556,0.111
W008,P0209,1815,308,856,0.885
W008,P0149,261,22,110,0.402
W008,P0123,1937,352,1077,0.219
W008,P0204,879,129,443,0.425
W008,P0289,4982,911,2631,0.872
W008,P0116,1008,192,384,0.426
W008,P0317,160,14,64,0.682
W008,P0164,363,59,157,1.17
W008,P0079,1490,216,774,0.48
W008,P0182,1667,183,809,0.145
W008,P0158,509,57,188,1.127
W008,P0298,1280,215,477,0.726
W008,P0117,1200,216,659,0.192
W008,P0188,1571,149,404,0.615
W008,P0285,969,147,511,0.441
W008,P0314,364,67,207,0.641
W008,P0092,262,31,81,1.119
W008,P0244,155,30,80,0.33
W008,P0003,855,126,330,0.984
W008,P0033,1748,281,699,0.529
W008,P0103,463,55,132,0.413
W008,P0305,509,50,199,0.157
W008,P0217,1969,202,940,0.19
W008,P0274,1972,277,652,1.146
W008,P0138,609,93,235,0.876
W008,P0136,186,23,79,1.1
W008,P0227,1230,223,566,0.944
W008,P0266,1940,266,799,0.356
W008,P0225,3928,464,1961,1.075
W008,P0112,1963,306,798,0.349
W008,P0283,250,32,72,0.481
W008,P0263,65,12,26,1.053
W008,P0144,79,7,25,0.379
W008,P0002,1840,221,550,0.632
W008,P0180,482,61,202,0.386
W008,P0293,969,136,506,0.253
W008,P0177,1348,163,437,0.632
W008,P0320,753,93,301,0.61
W008,P0026,174,22,72,1.029
W008,P0070,771,99,353,0.707
W008,P0256,3926,776,1871,0.587
W008,P0273,1178,234,590,0.73
W008,P0093,1803,333,830,0.894
W008,P0247,142,19,64,0.442
W008,P0169,1011,166,509,0.089
W008,P0133,1606,178,763,0.875
W008,P0052,2600,409,1419,0.985
W008,P0150,5048,467,2406,0.429
W008,P0108,163,27,67,0.219
W008,P0023,1397,125,431,0.539
W008,P0195,4537,890,1895,0.67
W008,P0159,360,29,115,0.755
W008,P0198,129,12,46,0.986
W008,P0254,1750,237,704,0.711
W008,P0001,1112,204,639,0.31
W008,P0135,336,28,141,0.334
W008,P0091,349,51,180,0.091
W008,P0267,1898,247,679,0.833
W008,P0219,1583,300,574,1.095
W008,P0310,236,42,97,0.771
W008,P0097,33,4,10,0.966
W009,P0098,4443,793,1669,0.226
W009,P0150,3161,294,853,0.931
W009,P0311,808,87,360,0.599
W009,P0314,1218,233,712,0.763
W009,P0257,58,8,24,0.141
W009,P0116,1308,155,668,0.164
W009,P0196,880,124,283,0.544
W009,P0105,2640,286,882,0.405
W009,P0223,1854,241,624,0.694
W009,P0077,462,65,234,0.78
W009,P0203,293,31,113,1.529
W009,P0001,1050,106,482,1.032
W009,P0158,307,52,143,0.399
W009,P0109,904,136,408,0.447
W009,P0185,289,35,126,0.738
W009,P0115,969,128,304,0.669
W009,P0064,336,61,123,0.533
W009,P0148,81,15,46,0.232
W009,P0084,303,38,130,0.174
W009,P0309,864,87,269,0.773
W009,P0187,2177,300,936,0.904
W009,P0137,2530,483,1253,0.507
W009,P0259,341,51,117,1.183
W009,P0153,394,76,184,0.803
W009,P0302,50,9,26,0.487
W009,P0101,819,139,265,1.129
W009,P0271,1664,290,564,0.913
W009,P0020,752,64,224,0.875
W009,P0015,5896,949,2619,0.909
W009,P0194,1311,198,405,0.979
W009,P0215,1602,283,805,0.248
W009,P0181,618,74,298,0.372
W009,P0042,1708,332,672,0.266
W009,P0141,4711,469,1604,1.199
W009,P0167,1174,112,304,1.424
W009,P0045,216,33,73,0.72
W009,P0008,396,55,151,0.554
W009,P0019,326,56,110,0.174
W009,P0166,281,52,106,0.698
W009,P0281,71,8,33,0.58
W009,P0299,77,13,37,1.036
W009,P0125,1275,219,525,0.606
W009,P0258,1129,214,638,1.261
W009,P0296,1452,282,767,0.825
W009,P0090,726,114,311,0.776
W009,P0073,1131,187,370,0.83
W009,P0014,1803,236,867,0.1
W009,P0189,286,52,125,0.596
W009,P0058,371,71,135,0.615
W009,P0190,336,62,161,0.684
W009,P0083,1347,155,357,0.262
W009,P0113,62,7,25,1.114
W009,P0173,729,130,264,0.691
W009,P0277,731,145,349,0.735
W009,P0093,358,67,139,0.581
W009,P0044,395,73,167,0.47
W009,P0286,814,117,264,0.867
W009,P0313,1308,186,529,0.975
W009,P0319,61,8,31,0.642
W009,P0184,382,65,193,0.493
W009,P0222,5085,657,1894,1.154
W009,P0074,395,59,200,0.547
W009,P0124,80,12,33,0.545
W009,P0209,1261,102,603,0.6
W009,P0052,2402,276,980,0.16
W009,P0056,340,38,90,0.244
W009,P0037,315,27,90,0.197
W009,P0082,267,43,113,0.271
W009,P0227,1034,122,527,0.448
W009,P0055,819,124,320,0.336
W009,P0043,1673,173,502,0.196
W009,P0046,46,5,20,1.04
W009,P0126,197,15,49,0.403
W009,P0188,474,47,184,0.968
W009,P0081,4602,860,1900,1.038
W009,P0287,344,64,180,0.887
W009,P0128,201,21,65,0.733
W009,P0041,3018,577,1445,0.923
W009,P0085,1633,236,809,0.269
W009,P0154,255,40,122,0.807
W009,P0071,455,63,170,0.634
W009,P0026,84,16,35,0.666
W009,P0210,1890,207,757,0.876
W009,P0182,1286,171,441,0.381
W009,P0127,1745,254,546,0.534
W009,P0091,387,63,134,0.16
W009,P0103,1371,222,696,0.73
W009,P0038,1698,276,681,0.805
W009,P0012,4695,513,2260,0.541
W009,P0036,5246,824,2896,0.888
W009,P0057,1131,146,527,0.855
W009,P0275,1436,121,343,0.507
W009,P0204,555,77,196,0.887
W009,P0254,1323,213,729,1.091
W009,P0123,612,100,217,0.866
W009,P0075,186,22,78,0.178
W009,P0018,1970,361,786,0.825
W009,P0178,285,44,127,0.661
W009,P0024,506,93,231,0.388
W009,P0273,1141,201,378,0.378
W009,P0118,2642,306,859,0.151
W009,P0300,5001,744,2517,0.742
W009,P0144,32,3,15,0.243
W009,P0206,1296,237,446,1.014
W009,P0282,301,43,138,0.155
W009,P0096,27,2,12,0.543
W009,P0059,358,63,173,0.65
W009,P0140,1126,203,548,0.331
W009,P0099,4807,861,1628,0.751
W009,P0033,1805,203,712,1.004
W009,P0016,354,53,153,0.151
W009,P0303,3369,498,1391,0.144
W009,P0108,374,62,152,0.123
W009,P0247,21,1,6,0.306
W009,P0171,346,37,145,0.969
W009,P0308,1331,245,651,0.389
W009,P0155,320,26,126,0.447
W009,P0237,294,34,84,0.562
W009,P0149,371,43,185,0.321
W009,P0201,245,24,105,0.915
W009,P0087,1746,301,597,0.854
W009,P0252,68,7,25,0.487
W009,P0186,254,26,113,0.554
W009,P0243,591,53,149,0.455
W009,P0291,58,8,25,1.1
W009,P0316,1963,200,626,0.602
W009,P0200,168,26,69,1.005
W009,P0007,1623,301,808,0.183
W009,P0230,184,16,47,0.455
W009,P0317,234,30,96,0.882
W009,P0192,342,45,146,1.095
W009,P0304,227,32,80,0.313
W009,P0002,950,88,318,1.042
W009,P0295,46,6,22,1.096
W009,P0121,3707,664,1861,0.251
W009,P0162,4532,626,1441,1.011
W009,P0307,276,51,159,0.848
W009,P0195,3312,533,1623,1.082
W009,P0276,81,7,29,0.813
W009,P0107,877,135,423,0.581
W009,P0097,79,9,36,0.936
W009,P0170,1479,209,668,0.445
W009,P0100,222,24,103,0.847
W009,P0027,1799,152,648,0.832
W009,P0060,1541,235,629,1.016
W009,P0130,106,12,28,0.624
W009,P0232,823,123,276,1.049
W009,P0268,549,73,233,0.323
W009,P0193,1675,312,792,0.122
W009,P0216,27,2,6,0.641
W009,P0147,183,15,57,0.454
W009,P0139,269,52,156,0.806
W009,P0240,2204,195,923,0.448
W009,P0067,148,18,68,0.136
W009,P0172,1530,162,411,0.473
W009,P0197,354,67,129,0.633
W009,P0061,161,20,52,0.124
W009,P0122,1947,245,845,0.262
W009,P0051,2275,339,912,0.214
W009,P0297,249,47,135,0.896
W009,P0238,1233,194,662,0.836
W009,P0217,674,82,216,0.454
W009,P0114,650,95,280,0.659
W009,P0063,1090,189,544,0.937
W009,P0290,363,39,115,0.465
W009,P0165,137,22,74,1.056
W009,P0079,1921,230,762,1.192
W009,P0249,971,166,390,0.919
W009,P0233,1422,200,442,1.599
W009,P0129,1136,91,541,0.565
W009,P0040,252,37,102,0.871
W009,P0021,91,13,37,0.065
W009,P0272,1426,137,422,1.266
W009,P0213,759,99,326,0.486
W009,P0198,149,28,52,0.694
W009,P0214,65,11,31,0.924
W009,P0236,191,32,85,1.434
W009,P0010,206,26,101,0.391
W009,P0256,1355,195,485,0.354
W009,P0028,4713,447,2278,0.227
W009,P0263,331,30,113,0.603
W009,P0068,1139,189,395,0.826
W009,P0161,1594,211,563,0.615
W009,P0049,1493,124,424,0.826
W009,P0226,1284,179,685,0.891
W009,P0072,4825,576,1334,1.105
W009,P0183,99,17,38,0.369
W009,P0065,35,5,13,0.246
W009,P0138,819,122,264,0.095
W009,P0318,223,21,71,0.719
W009,P0157,2205,384,951,0.502
W009,P0251,312,54,112,0.473
W009,P0119,347,68,205,0.561
W009,P0269,297,28,146,0.944
W009,P0039,630,80,190,0.885
W009,P0145,774,93,318,0.475
W009,P0234,2517,360,973,1.099
W009,P0151,372,58,120,0.153
W009,P0156,4651,814,1575,0.182
W009,P0086,679,120,296,0.466
W009,P0202,1686,172,646,0.951
W009,P0301,862,73,244,0.601
W009,P0205,42,5,13,0.662
W009,P0135,82,12,26,0.12
W009,P0265,1036,188,490,0.803
W009,P0207,1038,125,389,0.674
W009,P0310,123,24,65,0.599
W009,P0152,5447,815,2000,0.36
W009,P0104,1616,145,389,0.739
W010,P0188,1900,235,626,0.445
W010,P0250,1125,141,577,1.021
W010,P0029,387,67,183,0.121
W010,P0093,1230,180,581,1.031
W010,P0195,870,115,250,1.266
W010,P0202,1036,156,540,0.612
W010,P0043,1312,170,495,0.454
W010,P0288,1565,216,576,0.601
W010,P0226,397,62,143,0.418
W010,P0219,964,111,469,0.799
W010,P0071,1655,286,776,0.117
W010,P0105,3328,447,996,0.154
W010,P0209,227,26,103,0.974
W010,P0110,240,19,67,0.114
W010,P0220,4750,541,1528,0.16
W010,P0052,4876,785,2252,0.224
W010,P0061,370,52,138,0.295
W010,P0314,692,100,284,0.565
W010,P0224,1350,242,766,0.207
W010,P0060,1522,151,656,0.102
W010,P0087,534,57,193,0.652
W010,P0176,297,58,160,0.573
W010,P0160,167,16,67,0.443
W010,P0156,2710,510,1175,0.475
W010,P0114,608,82,197,1.213
W010,P0284,506,94,186,0.153
W010,P0206,1340,248,735,0.273
W010,P0306,1169,143,535,1.1
W010,P0253,1494,270,594,0.276
W010,P0015,4744,466,1658,0.294
W010,P0119,120,11,55,0.967
W010,P0027,860,132,266,0.153
W010,P0127,5478,954,2560,0.424
W010,P0091,23,3,11,0.407
W010,P0031,998,125,420,1.068
W010,P0024,519,87,246,0.278
W010,P0053,5083,692,2294,1.152
W010,P0309,2825,326,1443,1.109
W010,P0101,1570,227,773,0.311
W010,P0272,1171,183,393,0.651
W010,P0162,1772,293,782,0.743
W010,P0238,1455,174,599,0.319
W010,P0263,131,15,48,0.111
W010,P0257,158,20,64,0.695
W010,P0137,1026,174,510,0.852
W010,P0049,1797,190,648,0.489
W010,P0159,20,2,6,0.607
W010,P0134,1752,274,652,0.632
W010,P0141,1388,145,668,0.682
W010,P0218,3759,582,1651,1.016
W010,P0045,206,29,109,0.093
W010,P0290,59,9,18,0.765
W010,P0115,913,94,456,0.734
W010,P0032,3887,463,1862,0.897
W010,P0096,292,53,159,0.083
W010,P0310,274,25,91,0.516
W010,P0104,4278,595,1299,0.859
W010,P0009,1925,361,934,0.979
W010,P0083,1711,141,550,0.908
W010,P0274,212,35,110,0.459
W010,P0067,44,5,13,0.096
W010,P0308,301,54,165,0.133
W010,P0203,283,51,123,1.379
W010,P0151,306,31,108,0.886
W010,P0157,2033,309,1100,0.472
W010,P0223,1506,130,641,0.3
W010,P0163,1303,179,678,0.841
W010,P0124,110,11,40,0.466
W010,P0248,385,48,186,0.336
W010,P0186,94,14,46,0.756
W010,P0183,150,16,72,0.216
W010,P0312,326,57,170,0.126
W010,P0072,2755,332,1053,1.103
W010,P0198,260,37,113,0.24
W010,P0155,119,10,54,0.875
W010,P0030,1765,255,722,1.423
W010,P0082,146,27,75,0.911
W010,P0145,1797,159,485,0.484
W010,P0023,233,36,92,0.067
W010,P0034,1415,150,611,0.17
W010,P0057,1635,274,820,0.407
W010,P0126,381,71,210,0.492
W010,P0020,1048,208,484,0.37
W010,P0076,535,94,175,0.938
W010,P0039,1418,245,583,0.871
W010,P0262,5654,692,2736,0.198
W010,P0037,315,30,107,0.818
W010,P0270,1952,328,673,0.993
W010,P0179,279,27,120,0.171
W010,P0293,611,57,211,0.591
W010,P0180,1920,161,797,0.626
W010,P0012,3085,488,1062,0.077
W010,P0289,1592,270,861,0.676
W010,P0235,281,41,94,0.484
W010,P0103,534,90,291,0.16
W010,P0041,2455,214,950,0.129
W010,P0153,26,2,10,0.25
W010,P0279,1242,203,691,1.126
W010,P0123,356,37,131,0.543
W010,P0313,960,169,485,0.707
W010,P0194,1226,104,392,0.115
W010,P0128,50,5,15,0.525
W010,P0171,997,89,388,0.78
W010,P0221,5821,677,2886,1.031
W010,P0138,220,43,104,1.066
W010,P0048,5614,739,1900,1.048
W010,P0113,161,27,80,1.018
W010,P0305,675,128,281,0.98
W010,P0130,56,10,31,0.562
W010,P0189,156,22,81,0.134
W010,P0098,5909,779,2094,0.784
W010,P0149,267,53,131,0.352
W010,P0296,928,112,297,0.884
W010,P0201,264,45,127,0.402
W010,P0089,757,81,273,0.355
W010,P0136,129,16,59,0.216
W010,P0237,314,36,124,1.044
W010,P0301,726,100,357,0.668
W010,P0011,339,32,160,0.176
W010,P0261,307,50,123,0.689
W010,P0243,934,172,316,0.783
W010,P0208,720,98,242,0.968
W010,P0182,1362,247,555,0.649
W010,P0094,63,10,34,0.806
W010,P0258,1820,323,1041,1.481
W010,P0026,144,19,49,0.756
W010,P0152,4402,361,1929,0.491
W010,P0265,397,34,99,0.752
W010,P0260,1127,183,553,1.06
W010,P0181,312,30,117,0.157
W010,P0112,1214,174,571,0.37
W010,P0109,1751,192,561,0.398
W010,P0177,521,71,185,0.389
W010,P0318,105,13,30,0.143
W010,P0204,1520,199,777,0.224
W010,P0298,1690,276,837,0.182
W010,P0129,670,68,235,0.55
W010,P0088,1076,178,490,0.757
W010,P0231,328,47,151,0.981
W010,P0276,240,26,112,1.0
W010,P0006,4904,723,1601,0.661
W010,P0281,286,23,74,0.567
W010,P0086,1189,200,456,0.299
W010,P0164,338,64,155,1.173
W010,P0266,795,91,292,0.934
W010,P0185,216,31,87,1.411
W010,P0227,1179,143,493,0.242
W010,P0054,3243,347,1356,0.631
W010,P0283,230,33,111,0.573
W010,P0035,1754,180,578,0.736
W010,P0319,88,13,39,0.529
W010,P0168,4790,531,1763,0.09
W010,P0228,302,24,109,0.701
W010,P0108,136,20,47,0.934
W010,P0069,399,66,223,0.94
W010,P0008,82,13,39,0.371
W010,P0236,282,54,136,1.447
W010,P0193,902,136,453,0.577
W010,P0022,1294,112,371,1.079
W010,P0232,508,101,249,0.641
W010,P0269,1380,224,453,0.881
W010,P0273,346,46,105,0.99
W010,P0259,353,59,125,0.179
W010,P0246,220,19,77,0.264
W010,P0047,162,21,74,0.624
W010,P0122,3441,321,1394,0.921
W010,P0125,5543,503,1443,0.293
W010,P0025,336,61,191,0.196
W010,P0097,133,24,45,0.807
W010,P0090,1827,348,787,0.425
W010,P0013,1846,326,639,0.123
W010,P0002,1397,252,806,1.314
W010,P0154,70,7,28,0.905
W010,P0038,912,140,415,0.827
W010,P0241,341,35,102,0.28
W010,P0021,189,23,91,0.144
W010,P0056,552,99,234,0.576
W010,P0116,851,146,391,0.6
W010,P0229,794,104,232,1.104
W010,P0074,343,58,124,0.26
W010,P0280,1983,159,706,0.89
W010,P0051,3920,583,1591,0.289
W010,P0042,1062,115,319,0.067
W010,P0212,1195,149,430,0.239
W011,P0268,433,74,157,0.973
W011,P0085,510,59,190,0.135
W011,P0251,231,42,127,0.267
W011,P0011,121,9,31,0.479
W011,P0021,50,9,17,0.77
W011,P0237,101,12,39,0.942
W011,P0101,779,113,308,0.077
W011,P0133,786,155,360,0.337
W011,P0211,2446,460,910,0.303
W011,P0212,182,31,94,0.569
W011,P0272,499,95,178,0.148
W011,P0094,191,20,78,0.278
W011,P0186,86,14,30,0.433
W011,P0015,805,142,332,0.906
W011,P0131,589,103,303,0.658
W011,P0180,503,43,148,0.65
W011,P0100,143,14,46,0.396
W011,P0051,3566,556,1628,0.991
W011,P0124,48,4,14,0.751
W011,P0164,98,8,40,1.173
W011,P0059,463,40,130,0.678
W011,P0188,582,78,227,0.259
W011,P0105,1068,146,343,0.755
W011,P0300,2671,306,1297,0.327
W011,P0181,345,59,194,0.182
W011,P0076,738,87,260,1.0
W011,P0187,2043,311,732,1.182
W011,P0194,768,125,261,0.923
W011,P0151,83,9,34,0.33
W011,P0201,189,33,71,1.082
W011,P0287,139,19,63,0.447
W011,P0031,1068,120,446,0.354
W011,P0004,2767,442,1203,0.948
W011,P0025,189,17,86,1.085
W011,P0305,353,38,165,0.952
W011,P0210,531,87,243,0.338
W011,P0134,305,38,92,1.011
W011,P0297,197,37,74,0.306
W011,P0260,959,99,454,0.798
W011,P0024,419,44,126,1.444
W011,P0046,102,15,33,0.463
W011,P0066,663,80,267,0.565
W011,P0005,548,77,252,0.504
W011,P0095,481,43,183,0.265
W011,P0253,500,69,255,1.019
W011,P0058,185,36,80,1.095
W011,P0313,1033,151,391,0.624
W011,P0016,275,47,94,0.124
W011,P0137,2226,285,1039,0.489
W011,P0199,128,14,62,0.589
W011,P0289,968,98,410,0.21
W011,P0279,827,142,325,0.875
W011,P0136,177,28,73,0.1
W011,P0078,1031,107,469,0.09
W011,P0226,1022,118,373,0.645
W011,P0317,100,18,50,0.593
W011,P0176,177,25,85,0.127
W011,P0263,108,18,57,0.809
W011,P0304,128,20,60,0.121
W011,P0053,2834,556,1212,0.094
W011,P0117,723,83,297,0.37
W011,P0244,59,8,29,0.34
W011,P0043,1036,99,367,0.48
W011,P0170,674,109,355,0.823
W011,P0308,367,36,153,0.537
W011,P0294,145,26,71,0.272
W011,P0203,60,10,30,0.335
W011,P0119,59,9,19,0.394
W011,P0147,144,25,61,0.758
W011,P0067,217,39,110,0.67
W011,P0205,103,19,58,0.804
W011,P0065,70,10,31,0.326
W011,P0185,190,24,53,0.95
W011,P0261,13,1,4,0.53
W011,P0215,420,64,192,0.506
W011,P0018,1291,173,680,0.302
W011,P0269,1003,90,482,0.694
W011,P0056,157,24,61,0.15
W011,P0040,138,26,65,0.462
W011,P0003,508,58,238,0.159
W011,P0106,256,35,98,1.14
W011,P0048,2277,307,943,0.971
W011,P0208,461,37,117,0.638
W011,P0113,20,2,9,0.303
W011,P0293,1076,175,501,0.32
W011,P0008,133,19,42,0.607
W011,P0223,874,168,375,1.015
W011,P0218,3273,387,1195,0.521
W011,P0295,81,8,26,0.808
W011,P0301,276,22,116,0.547
W011,P0319,219,20,56,0.17
W011,P0120,707,127,323,0.693
W011,P0256,2582,400,885,0.231
W011,P0296,372,34,121,0.761
W011,P0028,3038,469,1572,0.086
W011,P0245,162,17,58,0.607
W011,P0236,90,16,50,0.166
W011,P0183,83,11,29,0.348
W011,P0290,149,28,84,0.628
W011,P0087,1033,170,526,0.272
W011,P0010,161,22,70,0.178
W011,P0126,219,23,101,0.28
W011,P0096,184,24,56,0.597
W011,P0179,205,37,107,0.172
W011,P0270,1114,186,353,0.438
W011,P0014,1189,211,403,1.134
W011,P0299,188,37,97,0.858
W011,P0273,1016,122,467,0.448
W011,P0006,2883,348,1009,0.639
W011,P0007,685,75,312,0.436
W011,P0219,298,36,154,0.923
W011,P0139,1015,147,499,1.174
W011,P0265,551,47,215,0.722
W011,P0107,1009,196,372,0.805
W011,P0017,915,172,531,0.703
W011,P0184,197,30,99,1.263
W011,P0115,849,141,319,0.51
W011,P0249,458,36,124,0.173
W011,P0116,626,72,314,1.342
W011,P0157,2133,324,1113,0.24
W011,P0214,171,18,47,0.66
W012,P0152,5266,529,1777,0.644
W012,P0276,57,5,13,1.014
W012,P0279,1670,263,795,1.104
W012,P0132,816,71,386,0.822
W012,P0121,2040,300,923,0.749
W012,P0262,4933,865,1872,0.524
W012,P0030,1763,318,590,1.406
W012,P0243,1315,188,571,0.537
W012,P0225,2069,352,756,0.952
W012,P0198,117,17,39,0.558
W012,P0125,5742,987,2957,0.706
W012,P0027,850,89,217,0.75
W012,P0165,130,21,46,1.052
W012,P0169,1866,241,646,1.247
W012,P0118,1278,237,663,1.215
W012,P0256,5677,543,2708,0.258
W012,P0317,168,30,72,1.318
W012,P0071,237,37,119,0.575
W012,P0091,72,12,23,0.923
W012,P0160,75,7,25,0.214
W012,P0247,104,8,37,0.138
W012,P0066,3902,592,1425,0.494
W012,P0316,1665,220,810,0.868
W012,P0181,383,63,164,0.864
W012,P0226,598,119,300,1.362
W012,P0250,1461,218,725,0.134
W012,P0081,2317,354,862,0.642
W012,P0057,1126,96,453,0.659
W012,P0134,283,36,117,0.596
W012,P0209,1799,160,846,0.599
W012,P0096,217,34,82,0.5
W012,P0306,1100,122,554,0.209
W012,P0189,298,40,125,0.676
W012,P0108,256,28,88,0.967
W012,P0110,1415,127,606,0.277
W012,P0016,1047,158,355,0.905
W012,P0245,182,23,90,0.544
W012,P0217,651,92,202,0.373
W012,P0036,5584,599,2693,0.354
W012,P0129,904,115,368,0.763
W012,P0197,253,31,69,0.29
W012,P0119,129,18,63,0.195
W012,P0155,377,39,100,0.889
W012,P0022,982,187,455,1.481
W012,P0303,3536,690,1460,0.595
W012,P0020,897,107,253,0.84
W012,P0227,1220,122,584,0.376
W012,P0143,344,47,106,0.171
W012,P0015,1405,201,546,0.462
W012,P0255,98,8,28,0.608
W012,P0164,119,10,51,0.648
W012,P0041,4676,801,2288,0.386
W012,P0224,355,59,127,0.335
W012,P0253,947,108,384,0.689
W012,P0173,972,159,545,0.61
W012,P0251,205,34,107,0.95
W012,P0166,97,17,38,0.148
W012,P0140,4125,762,2365,0.231
W012,P0235,275,54,110,0.154
W012,P0145,1310,122,524,0.564
W012,P0044,252,30,98,0.401
W012,P0242,342,31,93,0.537
W012,P0070,573,54,214,1.36
W012,P0032,4985,609,1523,0.759
W012,P0038,954,79,361,0.41
W012,P0047,61,7,17,0.418
W012,P0261,304,29,132,0.709
W012,P0054,5014,862,2517,0.605
W012,P0138,231,42,122,1.146
W012,P0315,847,127,306,0.592
W012,P0065,293,33,89,0.689
W012,P0117,1764,251,921,0.168
W012,P0058,178,33,86,0.739
W012,P0202,792,104,262,0.859
W012,P0103,1193,178,456,0.6
W012,P0025,349,51,143,0.461
W012,P0294,386,58,183,0.2
W012,P0271,230,33,85,0.83
W012,P0149,353,59,127,1.186
W012,P0039,1323,152,665,0.23
W012,P0210,917,171,350,0.145
W012,P0211,1929,281,905,0.237
W012,P0285,1140,96,328,0.999
W012,P0207,1313,124,510,0.929
W012,P0156,3866,470,1454,0.464
W012,P0061,122,11,40,0.31
W012,P0174,301,57,153,0.905
W012,P0048,1627,299,868,0.504
W012,P0153,104,17,39,0.244
W012,P0230,228,24,63,0.378
W012,P0098,3209,441,1462,0.499
W012,P0087,855,93,387,0.501
W012,P0234,4131,388,1720,1.011
W012,P0034,241,34,78,0.858
W012,P0104,5611,1014,2327,0.856
W012,P0147,398,34,106,0.369
W012,P0005,1197,126,590,0.754
W012,P0187,3976,778,2112,1.175
W012,P0045,209,33,106,0.062
W012,P0288,257,23,98,1.109
W012,P0035,1148,97,468,0.574
W012,P0281,364,57,183,1.119
W012,P0157,5320,846,1649,0.081
W012,P0201,180,35,95,1.014
W012,P0257,98,17,40,0.381
W012,P0042,1379,244,772,0.366
W012,P0203,330,58,187,0.788
W012,P0013,1940,276,687,0.308
W012,P0011,53,8,20,0.781
W012,P0313,472,87,255,0.65
W012,P0177,1404,175,683,1.0
W012,P0084,240,21,79,0.721
W012,P0275,1892,258,839,0.435
W012,P0291,268,25,79,0.47
W012,P0302,255,50,103,0.115
W012,P0231,161,24,63,0.98
W012,P0093,744,135,373,0.431
W012,P0101,1919,217,840,0.57
W012,P0170,477,71,171,0.83
W012,P0023,1048,175,358,0.279
W012,P0310,339,49,139,0.185
W012,P0311,1860,236,811,0.305
W012,P0190,88,14,32,0.803
W012,P0314,638,118,234,0.345
W012,P0075,163,29,90,0.306
W012,P0229,262,43,145,0.656
W012,P0127,2447,204,982,0.092
W012,P0283,49,8,17,0.887
W012,P0073,1165,211,434,0.432
W012,P0094,301,49,116,0.956
W012,P0109,537,102,198,0.451
W012,P0232,1867,353,958,1.272
W012,P0269,1817,343,722,0.646
W012,P0270,345,32,105,0.595
W012,P0216,353,46,158,0.455
W012,P0298,1500,247,517,0.482
W012,P0238,662,56,254,0.092
W012,P0055,1005,98,464,0.126
W012,P0095,974,84,462,0.174
W012,P0290,31,2,11,1.075
W012,P0248,32,5,17,0.666
W012,P0259,385,72,222,1.085
W012,P0072,2179,232,720,0.582
W012,P0063,1852,297,889,0.625
W012,P0300,5439,629,2295,0.733
W012,P0214,334,63,153,0.633
W012,P0320,1876,224,826,0.29
W012,P0136,225,26,81,0.622
W012,P0088,926,128,445,0.177
W012,P0158,1758,264,814,1.111
W012,P0003,1585,182,792,0.64
W012,P0106,872,84,318,0.559
W012,P0215,656,108,208,1.089
W012,P0024,1580,277,626,0.12
W012,P0292,5988,640,2731,0.594
W012,P0062,1389,268,491,0.765
W012,P0050,361,71,202,0.239
W012,P0236,143,13,67,1.258
W012,P0097,206,18,51,0.216
W012,P0069,229,33,86,0.47
W012,P0309,2147,303,1018,0.495
W012,P0014,1038,163,405,0.204
W012,P0278,675,122,387,0.879
W012,P0080,1043,100,445,0.252
W012,P0021,80,15,40,0.718
W012,P0297,52,6,24,1.234
W012,P0308,1988,350,785,0.493
W012,P0163,1642,192,663,0.195
W012,P0060,404,35,98,0.161
W012,P0105,5651,925,1977,0.716
W012,P0078,615,88,201,0.934
W012,P0287,186,34,62,0.383
W012,P0112,738,115,404,0.936
W012,P0260,1050,93,321,0.871
W012,P0028,3955,515,1509,0.403
W012,P0241,189,23,88,0.689
W012,P0222,1019,116,299,0.656
W012,P0167,1037,84,303,0.568
W012,P0265,509,101,298,0.52
W012,P0031,1656,189,709,1.07
W012,P0296,1710,315,744,0.437
W012,P0301,1546,179,552,0.817
W012,P0254,871,156,309,0.938
W012,P0280,2272,305,753,1.005
W012,P0264,202,30,88,0.174
W012,P0141,4170,562,2032,1.088
W012,P0079,3158,543,1113,0.891
W012,P0010,768,129,256,0.998
W012,P0185,392,55,150,0.722
W012,P0033,2437,351,753,0.898
W012,P0089,368,59,142,0.782
W012,P0120,1728,271,683,0.276
W012,P0318,152,28,70,0.351
W012,P0115,1836,232,887,0.463
W012,P0131,566,94,195,0.697
W012,P0161,2133,301,647,0.604
W012,P0046,192,28,99,0.399
W013,P0243,695,75,226,0.111
W013,P0162,4085,639,1901,0.752
W013,P0182,1259,230,651,0.845
W013,P0017,1220,132,494,1.211
W013,P0262,5576,1039,2191,0.216
W013,P0189,256,40,140,0.367
W013,P0010,639,97,339,0.619
W013,P0021,205,30,85,0.183
W013,P0085,1390,154,682,0.798
W013,P0078,425,42,133,1.019
W013,P0027,1727,248,753,0.324
W013,P0119,398,78,192,0.761
W013,P0206,1026,96,346,0.952
W013,P0197,116,12,50,0.3
W013,P0132,2913,515,1299,0.413
W013,P0047,162,29,91,1.004
W013,P0141,5592,1025,2868,0.123
W013,P0312,340,67,147,0.992
W013,P0185,357,44,166,0.969
W013,P0080,1025,133,514,0.42
W013,P0285,1566,232,625,0.229
W013,P0009,3208,596,1136,1.267
W013,P0315,338,67,200,0.721
W013,P0019,363,60,194,0.279
W013,P0108,305,34,94,0.792
W013,P0112,1699,164,627,0.245
W013,P0065,300,57,170,0.094
W013,P0146,1396,231,603,0.101
W013,P0283,330,62,154,0.477
W013,P0089,827,121,392,0.793
W013,P0207,1520,278,757,0.977
W013,P0261,119,23,68,0.821
W013,P0069,217,32,96,0.511
W013,P0192,168,15,65,0.622
W013,P0252,45,8,16,0.301
W013,P0191,326,42,152,0.944
W013,P0314,861,121,323,0.186
W013,P0214,218,31,66,0.466
W013,P0011,96,18,34,0.326
W013,P0149,250,26,117,0.811
W013,P0057,1570,313,794,0.341
W013,P0274,365,38,115,0.101
W013,P0005,1937,298,1045,0.926
W013,P0031,409,56,170,0.282
W013,P0230,186,35,103,0.474
W013,P0016,1719,319,763,0.19
W013,P0107,443,51,145,0.285
W013,P0003,632,117,283,0.374
W013,P0295,92,10,26,0.52
W013,P0299,122,20,42,0.198
W013,P0039,1276,243,646,0.378
W013,P0135,381,36,118,0.885
W013,P0121,1355,236,682,0.947
W013,P0223,1019,82,337,0.139
W013,P0012,2580,217,810,0.771
W013,P0181,1361,201,642,0.351
W013,P0139,1467,130,407,0.526
W013,P0026,124,12,54,0.722
W013,P0094,194,37,94,0.255
W013,P0288,581,80,292,0.302
W013,P0041,5445,1006,1842,0.81
W013,P0161,2311,350,1106,0.922
W013,P0129,1712,221,862,0.746
W013,P0277,1875,193,922,0.235
W013,P0158,1353,171,623,1.121
W013,P0220,4990,401,2288,1.053
W013,P0231,375,51,136,0.567
W013,P0067,78,13,37,0.415
W013,P0308,492,44,172,0.103
W013,P0292,4492,894,2067,0.163
W013,P0127,2632,231,907,0.093
W013,P0309,4686,886,1733,0.91
W013,P0130,149,21,77,0.796
W013,P0014,1085,156,365,0.384
W013,P0224,1773,230,511,0.449
W013,P0313,525,66,172,1.344
W013,P0006,5381,490,2579,0.864
W013,P0289,5948,906,3278,0.764
W013,P0201,139,14,69,0.588
W013,P0095,765,116,276,0.588
W013,P0208,225,44,94,0.616
W013,P0064,39,3,13,0.798
W013,P0275,1123,92,533,0.906
W013,P0054,4445,836,2387,1.08
W013,P0205,257,49,110,0.761
W013,P0157,5836,488,2719,0.338
W013,P0122,2654,505,1238,0.908
W013,P0291,274,29,122,1.133
W013,P0151,99,10,30,0.726
W013,P0290,70,6,27,0.869
W013,P0213,769,96,296,0.951
W013,P0008,164,30,67,0.109
W013,P0284,563,85,266,0.523
W013,P0086,1482,269,508,0.33
W013,P0147,110,13,48,0.869
W013,P0063,614,102,236,0.484
W013,P0093,1963,283,1016,0.586
W013,P0316,1340,192,672,0.257
W013,P0296,1272,175,560,0.839
W013,P0071,1758,324,647,1.014
W013,P0118,1479,230,686,0.222
W013,P0186,106,17,36,0.265
W013,P0051,4488,597,2041,0.895
W013,P0218,1364,181,520,0.857
W013,P0278,824,128,386,0.171
W013,P0110,1161,192,588,0.65
W013,P0173,1434,155,491,0.541
W013,P0055,1409,223,770,1.267
W013,P0236,361,68,143,0.845
W013,P0258,1508,212,599,0.298
W013,P0126,321,51,175,0.96
W013,P0164,90,14,34,0.849
W013,P0178,117,12,39,0.48
W013,P0133,1134,106,536,0.676
W013,P0040,116,10,45,0.684
W013,P0062,1223,186,382,0.472
W013,P0300,2506,495,1193,0.164
W013,P0148,265,40,80,0.159
W013,P0168,2208,297,1077,0.132
W013,P0225,4637,895,2735,1.15
W013,P0311,626,98,202,0.729
W013,P0087,1266,127,502,0.845
W013,P0079,1334,264,678,0.067
W013,P0025,351,45,164,1.452
W013,P0233,1886,222,829,1.301
W013,P0238,1800,353,798,0.868
W013,P0046,173,32,59,0.156
W013,P0160,321,41,110,0.871
W013,P0226,440,76,153,1.248
W013,P0109,999,112,420,0.115
W013,P0007,1060,152,474,0.476
W013,P0227,637,64,164,0.399
W013,P0155,122,23,62,0.409
W013,P0282,277,37,130,1.056
W013,P0153,279,45,135,0.108
W013,P0060,1455,125,549,0.612
W013,P0281,324,57,143,0.933
W013,P0234,5676,815,3003,0.82
W013,P0239,1016,97,386,0.131
W013,P0105,3693,523,1251,0.203
W013,P0250,839,111,256,0.282
W013,P0286,1141,195,485,0.236
W013,P0049,1328,234,566,0.148
W013,P0083,1280,153,348,0.964
W013,P0251,46,7,22,0.801
W013,P0056,1839,316,648,0.837
W013,P0228,960,112,439,0.108
W013,P0219,564,78,224,1.461
W013,P0298,540,87,234,0.123
W013,P0035,1499,122,718,0.479
W013,P0123,910,129,289,0.793
W013,P0216,386,62,147,0.139
W013,P0120,954,111,422,0.163
W013,P0020,543,94,194,1.01
W013,P0198,325,38,94,0.665
W013,P0033,3013,307,1036,0.573
W013,P0073,653,72,264,0.611
W013,P0142,2100,404,734,0.372
W013,P0273,263,43,140,0.346
W013,P0066,4555,760,2199,0.156
W013,P0318,317,38,101,0.432
W013,P0279,579,112,225,1.127
W013,P0270,1672,145,767,0.782
W013,P0152,2254,235,1112,0.631
W013,P0037,352,47,143,0.918
W013,P0143,47,3,12,0.975
W013,P0074,383,57,197,1.004
W013,P0154,348,37,129,0.16
W013,P0244,154,20,69,0.337
W013,P0044,42,8,21,0.977
W013,P0043,792,72,376,0.164
W013,P0271,1844,218,622,0.58
W013,P0116,844,87,377,0.733
W013,P0156,2020,260,609,0.483
W013,P0098,5008,548,1667,0.847
W013,P0297,101,16,34,1.24
W013,P0134,1408,277,740,0.794
W013,P0319,141,12,57,0.64
W013,P0259,137,27,65,0.28
W013,P0048,2280,256,788,0.535
W013,P0272,348,62,170,0.311
W013,P0136,26,4,9,0.405
W013,P0082,208,31,68,0.768
W013,P0303,2915,282,1105,0.747
W013,P0306,1709,255,751,0.276
W013,P0022,726,69,212,0.45
W013,P0115,1741,230,706,1.06
W013,P0179,69,11,23,1.022
W013,P0246,840,75,374,0.338
W013,P0217,1297,215,664,0.233
W013,P0171,926,119,303,0.854
W013,P0032,3267,512,1713,0.756
W013,P0317,186,32,82,0.712
W013,P0263,356,48,152,0.795
W013,P0145,1734,318,640,0.934
W013,P0117,1471,163,517,1.075
W013,P0177,1970,229,850,0.57
W013,P0106,1755,279,620,0.625
W013,P0076,1311,118,554,0.821
W013,P0187,2666,488,1274,0.2
W013,P0163,875,77,270,0.836
W013,P0188,454,76,162,0.42
W014,P0286,1709,219,536,0.71
W014,P0172,403,44,108,0.741
W014,P0030,1949,329,1003,1.49
W014,P0075,44,7,20,0.429
W014,P0254,1875,326,1028,0.914
W014,P0044,312,28,133,0.874
W014,P0077,1587,146,591,0.948
W014,P0040,48,7,19,0.807
W014,P0023,1367,195,547,0.92
W014,P0057,280,49,151,0.511
W014,P0279,1272,253,702,0.752
W014,P0027,1928,284,840,0.28
W014,P0049,450,62,225,0.133
W014,P0315,992,107,429,0.491
W014,P0160,344,49,127,0.433
W014,P0143,365,61,198,0.376
W014,P0165,145,21,75,0.652
W014,P0300,2715,436,1426,0.257
W014,P0212,959,185,365,0.921
W014,P0047,191,26,71,0.076
W014,P0088,903,166,321,0.138
W014,P0185,277,24,86,0.893
W014,P0105,5777,1054,2690,0.61
W014,P0054,1797,214,922,0.934
W014,P0028,5793,782,2633,0.746
W014,P0247,26,5,9,0.094
W014,P0262,4680,510,1896,0.768
W014,P0132,2495,445,1232,0.539
W014,P0295,339,48,114,0.829
W014,P0305,1452,231,745,0.655
W014,P0207,1022,108,498,0.869
W014,P0118,1343,258,618,0.281
W014,P0208,1491,283,812,0.857
W014,P0306,237,24,63,0.208
W014,P0297,153,28,53,0.145
W014,P0310,130,15,40,0.544
W014,P0121,3659,359,1606,0.27
W014,P0148,231,25,109,0.411
W014,P0144,172,31,73,0.189
W014,P0128,20,2,9,0.418
W014,P0056,1272,154,547,0.406
W014,P0131,377,37,126,0.168
W014,P0256,5431,999,2050,0.796
W014,P0299,160,31,85,0.104
W014,P0209,1991,347,796,1.022
W014,P0266,1600,307,705,0.563
W014,P0194,1151,218,439,0.596
W014,P0203,224,28,82,0.318
W014,P0140,3163,429,1408,0.777
W014,P0222,3452,381,1273,0.427
W014,P0175,545,90,208,0.617
W014,P0202,1815,259,543,0.756
W014,P0033,4772,478,1414,0.477
W014,P0214,301,42,108,0.573
W014,P0268,417,40,115,1.048
W014,P0012,4081,757,2050,0.76
W014,P0155,20,3,7,0.813
W014,P0243,1512,147,413,0.23
W014,P0273,1839,288,780,0.759
W014,P0267,804,153,322,0.563
W014,P0205,35,3,9,0.321
W014,P0180,1322,180,699,0.715
W014,P0086,1021,109,344,0.276
W014,P0125,4865,923,1758,0.171
W014,P0031,893,129,453,0.403
W014,P0251,75,10,30,0.766
W014,P0303,2583,513,1375,0.474
W014,P0224,1181,156,488,0.42
W014,P0302,21,2,6,0.856
W014,P0078,293,32,101,0.915
W014,P0260,935,160,445,1.091
W014,P0094,231,23,74,0.718
W014,P0006,3538,579,1654,1.058
W014,P0153,183,28,96,0.919
W014,P0270,1862,206,900,0.229
W014,P0253,1712,201,742,0.685
W014,P0293,1046,202,369,0.524
W014,P0134,434,55,218,0.212
W014,P0074,41,4,11,0.16
W014,P0313,994,153,397,0.11
W014,P0179,169,25,81,0.559
W014,P0230,383,73,179,0.356
W014,P0010,1676,277,735,0.465
W014,P0097,213,24,70,0.58
W014,P0073,1461,249,531,0.455
W014,P0043,808,89,351,0.769
W014,P0283,350,46,108,1.375
W014,P0318,289,45,142,0.31
W014,P0308,1774,274,560,0.714
W014,P0022,1298,197,459,1.173
W014,P0129,642,94,345,0.165
W014,P0111,1040,132,438,0.687
W014,P0282,392,64,202,0.953
W014,P0229,1708,258,821,1.42
W014,P0190,34,5,15,0.296
W014,P0198,161,19,66,0.467
W014,P0147,70,10,28,0.793
W014,P0289,2167,324,995,0.592
W014,P0122,3976,608,1600,0.645
W014,P0239,1123,169,341,0.576
W014,P0067,200,16,79,0.584
W014,P0246,1526,135,572,0.939
W014,P0133,669,120,253,0.592
W014,P0011,132,13,43,0.749
W014,P0197,339,64,120,0.173
W014,P0242,385,39,113,0.44
W014,P0038,1805,353,1054,1.035
W014,P0166,262,39,139,0.91
W014,P0312,123,13,46,0.955
W014,P0317,119,16,61,1.193
W014,P0252,229,41,100,1.012
W014,P0206,763,124,241,1.159
W014,P0316,1341,229,601,0.293
W014,P0137,2255,291,949,0.167
W014,P0227,1890,161,850,0.596
W014,P0237,45,8,20,0.764
W014,P0135,98,17,32,0.331
W014,P0029,365,44,171,0.453
W014,P0062,1275,200,513,0.692
W014,P0059,1547,296,785,0.602
W014,P0064,274,42,123,0.396
W014,P0024,767,119,251,0.754
W014,P0255,279,37,146,0.899
W014,P0061,178,33,75,0.879
W014,P0320,1446,203,641,0.073
W014,P0138,1902,282,1020,0.376
W014,P0204,1451,118,550,0.753
W014,P0120,611,93,331,1.172
W014,P0287,125,10,49,1.114
W014,P0159,268,24,120,0.537
W014,P0071,1167,208,672,1.042
W014,P0123,710,69,258,0.752
W014,P0068,1115,145,348,1.153
W014,P0007,752,150,310,1.3
W014,P0187,1953,279,824,1.139
W014,P0052,4923,790,2713,0.668
W014,P0017,1473,218,751,1.342
W014,P0076,231,19,92,0.608
W014,P0234,880,138,426,0.578
W014,P0189,169,14,42,0.113
W014,P0021,125,11,42,0.165
W014,P0106,357,67,143,0.773
W014,P0241,204,31,76,0.71
W014,P0285,436,67,183,0.308
W014,P0225,5479,799,2925,0.674
W014,P0265,1352,212,436,0.373
W014,P0307,339,45,124,0.058
W014,P0141,4464,405,1704,0.251
W014,P0139,575,104,253,0.328
W014,P0003,1198,168,399,0.104
W014,P0072,4283,520,1901,0.929
W014,P0223,966,128,379,0.305
W014,P0178,224,17,89,0.682
W014,P0188,306,40,116,0.925
W014,P0020,1637,132,571,0.698
W014,P0291,122,23,56,0.328
W014,P0109,1343,251,503,0.182
W014,P0091,93,15,41,0.343
W014,P0215,1407,201,744,0.25
W014,P0042,1180,228,585,0.981
W014,P0216,380,70,160,0.457
W014,P0151,323,43,155,0.329
W014,P0161,2499,490,1168,0.104
W014,P0090,1259,163,521,0.54
W014,P0218,4392,355,1304,0.87
W014,P0163,796,111,266,0.966
W014,P0191,59,9,30,0.471
W014,P0211,1503,261,667,0.562
W014,P0311,1354,192,463,0.375
W014,P0039,683,132,252,0.327
W014,P0084,165,23,57,0.636
W014,P0079,3659,504,1619,0.973
W014,P0221,5192,974,2058,0.858
W015,P0207,518,102,243,0.856
W015,P0185,12,1,4,0.395
W015,P0293,908,158,500,0.751
W015,P0241,172,15,78,0.672
W015,P0177,927,92,234,1.237
W015,P0238,284,42,127,0.577
W015,P0279,389,58,156,0.811
W015,P0312,62,7,22,0.061
W015,P0302,106,10,43,0.755
W015,P0069,116,17,54,0.626
W015,P0096,181,32,85,0.712
W015,P0075,37,4,11,0.29
W015,P0147,228,40,88,0.645
W015,P0049,490,77,200,0.604
W015,P0275,372,35,144,0.703
W015,P0036,961,167,479,0.397
W015,P0254,261,48,87,0.615
W015,P0156,1149,197,441,0.383
W015,P0007,1112,115,511,1.362
W015,P0106,1150,120,377,0.886
W015,P0298,911,103,361,0.341
W015,P0305,791,133,329,1.01
W015,P0317,122,13,50,0.975
W015,P0031,183,31,74,1.125
W015,P0250,1165,140,556,0.305
W015,P0282,145,26,83,1.287
W015,P0019,99,8,32,0.681
W015,P0301,584,63,289,0.149
W015,P0146,264,24,118,0.807
W015,P0117,791,150,365,0.752
W015,P0188,867,128,455,0.481
W015,P0009,2419,426,1101,0.225
W015,P0103,888,158,369,0.982
W015,P0205,106,11,40,0.67
W015,P0230,48,8,15,0.846
W015,P0043,1153,219,476,0.474
W015,P0048,2480,242,825,0.723
W015,P0123,414,70,197,0.548
W015,P0295,24,4,7,1.151
W015,P0020,590,48,260,0.97
W015,P0129,198,37,104,1.126
W015,P0281,99,9,27,0.904
W015,P0099,3030,529,1114,0.905
W015,P0137,2001,227,758,0.898
W015,P0175,512,95,204,0.917
W015,P0278,374,68,125,0.608
W015,P0082,128,10,36,0.923
W015,P0192,149,18,66,0.593
W015,P0248,23,3,7,0.837
W015,P0060,524,84,187,0.918
W015,P0222,1447,154,497,0.77
W015,P0159,139,22,65,0.962
W015,P0097,144,21,61,0.311
W015,P0272,1100,105,442,0.716
W015,P0017,3548,470,1500,0.708
W015,P0259,81,10,39,1.187
W015,P0024,556,56,209,1.19
W015,P0306,905,134,491,0.837
W015,P0274,982,150,509,0.732
W015,P0044,39,4,16,0.623
W015,P0155,195,27,87,0.732
W015,P0119,147,12,39,0.593
W015,P0191,123,15,44,0.949
W015,P0052,2917,542,1684,1.151
W015,P0224,370,63,171,0.407
W015,P0194,791,141,282,0.602
W015,P0197,209,29,82,0.344
W015,P0287,65,12,23,0.407
W015,P0142,1765,205,591,0.132
W015,P0170,846,104,408,0.381
W015,P0183,227,41,105,0.494
W015,P0225,2622,249,872,0.884
W015,P0003,755,117,287,0.211
W015,P0209,484,63,250,0.565
W015,P0039,1121,168,377,0.252
W015,P0256,1893,352,651,1.089
W015,P0291,127,18,40,0.405
W015,P0080,765,138,257,0.5
W015,P0131,999,137,509,0.805
W015,P0239,472,49,191,1.053
W015,P0166,27,4,12,0.222
W015,P0208,769,114,349,0.358
W015,P0152,2989,549,1254,0.657
W015,P0098,2401,338,1273,0.952
W015,P0235,235,30,91,0.593
W015,P0261,200,30,61,0.563
W015,P0081,1097,88,476,0.355
W015,P0130,100,15,47,0.784
W015,P0232,1023,100,348,1.02
W015,P0320,451,54,223,0.394
W015,P0172,1124,179,425,0.654
W015,P0283,195,37,105,1.659
W015,P0311,440,55,184,0.737
W015,P0251,187,24,54,0.068
W015,P0002,521,103,186,0.436
W015,P0025,113,21,59,1.511
W015,P0255,54,9,21,0.223
W015,P0084,183,29,74,0.771
W015,P0249,567,50,184,0.489
W015,P0307,173,18,77,0.279
W015,P0054,2287,435,846,0.661
W015,P0064,226,29,90,0.236
W015,P0292,2895,286,849,0.886
W015,P0057,1198,202,609,0.929
W015,P0210,348,54,165,0.806
W015,P0070,1042,170,404,1.455
W015,P0083,716,132,400,0.666
W015,P0269,415,63,214,0.256
